tag	current_zh	ja	en	series	post_count
madoka_aguri	圆亚久里	円亜久裏	Madoka Aguri		606
maeda_toushirou	前田藤四郎	前田藤四郎	Maeda Toushirou		430
magallan_(arknights)	麦哲伦	マゼラン（アークナイツ）	Magallan	明日方舟	1006
magical_mirai_miku	初音未来				2817
magikarp	鲤鱼王	コイキング	Magikarp		1182
magnemite	小磁怪	小磁怪	Magnemite		1720
mahito_(jujutsu_kaisen)	真人	真人(呪術廻戦)	Mahito	咒术回战	860
maiden_(nikke)	梅登	メイデン	Maiden		482
maihama_ayumu	舞滨步	舞浜歩	Maihama Ayumu		467
maikaze_(kancolle)	舞风（舰队Collection）	舞風	Maikaze		1398
maishima_yuri	舞岛优理	舞島優理	Maishima Yuri		388
maizono_sayaka	舞园沙耶香	舞園さやか	Maizono Sayaka		1849
majikina_mina	弥娜	真鏡名ミナ	Majikina Mina		447
majima_goro	真岛吾朗	真桐	Majima Goro		686
majin_buu	魔人布欧	魔人ブウ	Majin Buu		394
maka_albarn	玛卡·阿尔巴恩	マカ・アルバーン	Maka Albarn		1705
maki_(blue_archive)	小涂真纪	小塗マキ	Maki	碧蓝档案	1900
maki_(camp)_(blue_archive)	小涂真纪（野营）	小塗マキ(キャンプ)	Maki (camp)	碧蓝档案	773
makiatto_(girls'_frontline_2)	玛绮朵（少女前线2）	マキアート(ドールズフロントライン2)	Makiatto		436
makigumo_(kancolle)	卷云	巻雲	Makigumo		2366
makima_(chainsaw_man)	玛奇玛	マキマ	Makima	电锯人	10977
makinami_(kancolle)	卷波	巻波	Makinami		293
makinami_mari_illustrious	真希波·玛丽·伊兰崔亚斯	真希波・マリ・イラストリアス	Makinami Mari Illustrious		2821
makino_ruki	牧野留姬	牧野留姫	Makino Ruki		291
makise_kurisu	牧濑红莉栖	クリスティーナ	Makise Kurisu		4341
makoto_(blue_archive)	羽沼真琴	羽沼マコト	Makoto	碧蓝档案	1278
makoto_(genshin_impact)	雷电真	雷電眞	Makoto	原神	562
makoto_(princess_connect!)	安艺真琴	安芸真琴	Makoto	公主连结	555
male_alear_(fire_emblem)	琉尔	リュール	Male Alear	火焰纹章	1043
male_byleth_(awakened)_(fire_emblem)	贝雷特（觉醒）			火焰纹章	1062
male_byleth_(fire_emblem)	贝雷特	ベレト=アイスナー	Male Byleth	火焰纹章	3179
male_corrin_(fire_emblem)	神威（男）	カムイ	Male Corrin	火焰纹章	1580
male_doctor_(arknights)	博士（男性·明日方舟）	男ドクター	Male Doctor	明日方舟	2082
male_endministrator_(arknights)	男管理人	男管理人	Male Endministrator	明日方舟	972
male_kiran_(fire_emblem)	召唤师（火焰纹章）	エクラ	Male Kiran	火焰纹章	738
male_robin_(fire_emblem)	罗宾（男性·火焰纹章）	ルフレ♂	Male Robin	火焰纹章	2097
male_rover_(wuthering_waves)	男漂泊者	男漂泊者	Male Rover	鸣潮	5158
malenia_blade_of_miquella	玛莲妮亚	瑪蓮妮亜	Malenia Blade Of Miquella		1713
malkuth_(blue_archive)	马尔库特	マルクト(ブルーアーカイブ)	Malkuth	碧蓝档案	644
mameneko_(leos_vincent)	豆猫	豆猫	Mameneko		315
mamiya_(kancolle)	间宫	間宮	Mamiya		1784
mamiya_takuji	间宫卓司	間宮卓司	Mamiya Takuji		296
manaka_laala	真中啦啦	真中らぁら	Manaka Laala		1721
manaka_non	真中音	真中のん	Manaka Non		708
manhattan_cafe_(creeping_shadow)_(umamusume)	曼哈顿咖啡		Manhattan Cafe (creeping Shadow)	闪耀!优俊少女	2193
manhattan_cafe_(umamusume)	曼城茶座	マンハッタンカフェ（ウマ娘プリティーダービー）	Manhattan Cafe	闪耀!优俊少女	13162
manjoume_jun	万丈目准	万丈目準	Manjoume Jun		467
mankanshoku_mako	满舰饰真子	満艦飾マコ	Mankanshoku Mako		3062
mano_aloe	魔乃阿萝耶	魔乃アロエ	Mano Aloe		510
manticore_(arknights)	狮蝎	マンティコア	Manticore	明日方舟	488
march_7th_(preservation)_(honkai:_star_rail)	三月七（preservation）	三月なのか(存護)	March 7th (preservation)	崩坏:星穹铁道	4409
marcille_donato	玛露希尔	マルシル・ドナトー	Marcille Donato		5858
marco_(one_piece)	马尔科	馬爾科	Marco	海贼王	421
marcus_(reverse:1999)	马库斯	マーカス(リバース:1999)	Marcus	重返未来1999	748
mari_(blue_archive)	伊落玛丽		Mari	碧蓝档案	11309
mari_(faraway)_(omori)	玛丽（faraway·omori）	マリ（faraway·おもり）	Mari (faraway)		2314
maribel_hearn	玛艾露贝莉·赫恩	マエリベリー・ハーン	Maribel Hearn		15099
marie_(girls_und_panzer)	玛丽（少女与战车）	マリー(GuP)	Marie	少女与战车	1580
marie_(persona_4)	玛丽（女神异闻录4）	マリー(ペルソナ4)	Marie	女神异闻录4	335
marie_antoinette_(fate)	玛丽·安托瓦内特	マリー・アントワネット（Fate）	Marie Antoinette		2202
marie_rose	玛莉·罗丝	マリー・ローズ	Marie Rose		1239
marill	玛力露	マリル	Marill		1152
marina_(blue_archive)	池仓真里奈	池倉マリナ	Marina	碧蓝档案	676
mario	马里奥	マリオ	Mario		6275
marisbury_animusphere	马里斯比利	マリスビリー・アニムスフィア	Marisbury Animusphere		309
marius_von_hagen_(tears_of_themis)	陆景和	陸景和	Marius Von Hagen	未定事件簿	542
mariya_mikhailovna_kujou	玛利亚·米哈伊罗夫纳·九条	マリヤ・ミハイロヴナ・九条	Mariya Mikhailovna Kujou		424
marnie_(pokemon)	玛俐	マリィ（ポケットモンスター）	Marnie	宝可梦	8152
mars_(cookie)	MZ姐贵	MZ姉貴	Mars		726
marsha_(reverse:1999)	玛尔纱	瑪爾紗	Marsha	重返未来1999	330
marth_(fire_emblem)	马尔斯	マルス（ファイアーエムブレム）	Marth	火焰纹章	1485
martha_(fate)	玛尔达	マルタ（Fate）	Martha		1858
martial_artist_(dq3)	武斗家	武闘家	Martial Artist		369
marufuji_ryo	丸藤亮	ヘルカイザー	Marufuji Ryo		329
maruko_gaku	丸子乐	丸子楽	Maruko Gaku		359
maruruk	马璐璐库	マルルク	Maruruk		431
maruyama_saki	丸山纱希	丸山紗希	Maruyama Saki		481
maruzensky_(umamusume)	丸善斯基	マルゼンスキー（ウマ娘プリティーダービー）	Maruzensky	闪耀!优俊少女	2053
marvelous_sunday_(umamusume)	美丽周日	マーベラスサンデー（ウマ娘プリティーダービー）	Marvelous Sunday	闪耀!优俊少女	711
mary_(ib)	玛丽（ib）	メアリー（ib）	Mary		1096
mary_(nikke)	梅里（胜利女神：妮姬）	メアリー（NIKKE）	Mary		473
masaki_sasami_jurai	砂沙美	砂沙美	Masaki Sasami Jurai		360
mash_kyrielight	玛修·基列莱特	マシュ・キリエライト	Mash Kyrielight		20877
mash_kyrielight_(dangerous_beast)	玛修·基利艾拉特	マシュケベ礼装	Mash Kyrielight		2977
mash_kyrielight_(demi-servant)	玛修·基列莱特（亚从者）				3610
mashiro_(blue_archive)	静山真白	静山マシロ	Mashiro	碧蓝档案	891
mass_production_eva	量产机	量産機	Mass Production Eva		319
massachusetts_(azur_lane)	马萨诸塞	馬薩諸塞	Massachusetts	碧蓝航线	848
mast_(nikke)	马斯特	マスト	Mast		674
mata_hari_(fate)	玛塔·哈丽	マタ・ハリ	Mata Hari		360
matara_okina	摩多罗隐岐奈	摩多羅隐岐奈	Matara Okina		3814
matikanefukukitaru_(rising_fortune)_(umamusume)	运气上升☆幸福万来	マチカネフクキタル(運気上昇☆幸福万来)	Matikanefukukitaru (rising Fortune)	闪耀!优俊少女	742
matikanefukukitaru_(umamusume)	待兼福来	マチカネフクキタル（ウマ娘プリティーダービー）	Matikanefukukitaru	闪耀!优俊少女	2443
matikanetannhauser_(umamusume)	待兼唐怀瑟	マチカネタンホイザ（ウマ娘プリティーダービー）	Matikanetannhauser	闪耀!优俊少女	2973
matilda_bouanich	玛蒂尔达·布翁尼	マチルダ・ブアニッシュ	Matilda Bouanich		647
matou_kariya	间桐雁夜	間桐雁夜	Matou Kariya		1706
matou_sakura	间桐樱	間桐桜	Matou Sakura		6886
matou_shinji	间桐慎二	間桐慎二	Matou Shinji		510
matsuda_arisa	松田亚利沙	松田亜利沙	Matsuda Arisa		501
matsudaira_touko	松平瞳子	松平瞳子	Matsudaira Touko		491
matsukaze_(kancolle)	松风	松風	Matsukaze		632
matsukaze_tenma	松风天马	雨天	Matsukaze Tenma		689
matsumae_ohana	松前緖花	松前緒花	Matsumae Ohana		495
matsumi_kuro	松实玄	松実玄	Matsumi Kuro		335
matsumi_yuu	松实宥	松実宥	Matsumi Yuu		298
matsumoto_rangiku	松本乱菊	松本乱菊	Matsumoto Rangiku		2076
matsumura_fuuka	松村优珂	松村優珂	Matsumura Fuuka		300
matsunaga_ryo	松永凉	松永涼	Matsunaga Ryo		375
matsuno_chifuyu	松野千冬	松野千冬	Matsuno Chifuyu		350
matsuo_chizuru	松尾千鹤	松尾千鶴	Matsuo Chizuru		309
matsuoka_gou	松冈江	松岡江	Matsuoka Gou		412
matsuoka_miu	松冈美羽	松岡美羽	Matsuoka Miu		551
matsuoka_rin	松冈凛	松岡凜	Matsuoka Rin		626
matsuwa_(kancolle)	松轮	松輪	Matsuwa		1022
matterhorn_(arknights)	角峰	マッターホルン	Matterhorn	明日方舟	321
mavuika_(genshin_impact)	玛薇卡	瑪薇卡	Mavuika	原神	2517
mawile	大嘴娃	クチート	Mawile		1370
may_(pokemon)	小遥	小遙	May	宝可梦	8796
maya_(kancolle)	摩耶（舰队Collection）	摩耶（舰队Collection）	Maya		3538
maya_fey	绫里真宵	綾裏真宵	Maya Fey		1154
mayer_(arknights)	梅尔	メイヤー	Mayer	明日方舟	301
mayuzumi_fuyuko	黛冬优子	あさふゆ	Mayuzumi Fuyuko		3943
mayuzumi_kai	灰画	黛灰	Mayuzumi Kai		298
mazaki_anzu	真崎杏子	真崎杏子	Mazaki Anzu		740
mdr_(girls'_frontline)	卡萝（少女前线）	MDR(ドールズフロントライン)	Mdr	少女前线	813
mechty_(girls'_frontline_2)	米什缇（少女前线2）	ミシュティ	Mechty		466
medb_(fate)	梅芙	メイヴ（Fate）	Medb		1427
medea_(caster)_(fate)	美狄亚（Caster）	メディア（Caster·Fate）	Medea (caster)		1563
medea_(fate)	美狄亚				1842
medicine_melancholy	梅蒂欣·梅兰可莉	メディスン・メランコリー	Medicine Melancholy		4295
medicine_pocket	兔毛手袋	メディスンポケット	Medicine Pocket		479
medjed_(fate)	马杰特	メジェド（Fate）	Medjed		1334
medusa_(fate/stay_night)	美杜莎（fate/stay night）				1612
medusa_(rider)_(fate)	美杜莎（Rider·Fate）	メドゥーサ	Medusa (rider)		4493
mega_gardevoir	超级沙奈朵	メガサーナイト	Mega Gardevoir		3446
mega_man_(character)	洛克人（character）	ロックマン(キャラクター)	Mega Man		1848
megu_(blue_archive)	下仓惠	下倉メグ	Megu	碧蓝档案	796
megurine_luka	巡音流歌	巡音ルカ	Megurine Luka		13910
meguriya_ayumu	廻屋涉	廻屋渉	Meguriya Ayumu		600
meguru_(cookie)	MGR姉贵	MGR姉貴	Meguru		755
mei_(overwatch)	小美	メイ（オーバーウォッチ2）	Mei	守望先锋2	1976
mei_mei_(jujutsu_kaisen)	冥冥（咒术回战）	冥冥（呪術廻戦）	Mei Mei	咒术回战	493
meika_hime	鸣花姬	鳴花ヒメ	Meika Hime		516
meika_mikoto	鸣花尊	鳴花ミコト	Meika Mikoto		507
meira_(touhou)	明罗	明羅	Meira	东方Project	504
meisho_doto_(umamusume)	名将怒涛	メイショウドトウ（ウマ娘プリティーダービー）	Meisho Doto	闪耀!优俊少女	2971
mejiro_bright_(umamusume)	目白光明	メジロブライト（ウマ娘プリティーダービー）	Mejiro Bright	闪耀!优俊少女	1100
mejiro_dober_(umamusume)	目白多伯	メジロドーベル（ウマ娘プリティーダービー）	Mejiro Dober	闪耀!优俊少女	2135
mejiro_mcqueen_(frontline_elegance)_(umamusume)	目白麦昆（frontline elegance）	エレガンス・ライン	Mejiro Mcqueen (frontline Elegance)	闪耀!优俊少女	1737
mejiro_mcqueen_(umamusume)	目白麦昆	メジロマックイーン（ウマ娘プリティーダービー）	Mejiro Mcqueen	闪耀!优俊少女	8587
mejiro_palmer_(umamusume)	目白善信	メジロパーマー（ウマ娘プリティーダービー）	Mejiro Palmer	闪耀!优俊少女	1893
mejiro_ramonu_(umamusume)	目白高峰	メジロラモーヌ（ウマ娘プリティーダービー）	Mejiro Ramonu	闪耀!优俊少女	1557
mejiro_ryan_(umamusume)	目白韦仁	メジロライアン（ウマ娘プリティーダービー）	Mejiro Ryan	闪耀!优俊少女	959
melantha_(arknights)	玫兰莎	メランサ(アークナイツ)	Melantha	明日方舟	289
melia_antiqua	梅莉亚	メリア・エンシェント	Melia Antiqua		1139
melina_(elden_ring)	梅琳娜	メリナ（エルデンリング）	Melina	艾尔登法环	1061
meloetta	美洛耶塔	メロエッタ	Meloetta		829
melone	梅洛尼	メローネ	Melone		548
meltryllis_(swimsuit_lancer)_(fate)	梅尔特莉莉丝（泳装Lancer）	水着メルト	Meltryllis (swimsuit Lancer)		2512
meltryllis_(swimsuit_lancer)_(first_ascension)_(fate)	梅尔特留莉丝				1261
meltryllis_(swimsuit_lancer)_(second_ascension)_(fate)	梅尔特莉莉丝（泳装Lancer·二次再临）				1034
melusine_(fate)	梅柳齐娜	メリュジーヌ（Fate）	Melusine		3453
meowscarada	魔幻假面喵	マスカーニャ	Meowscarada		2376
meowth	喵喵	ニャース	Meowth		2096
mephisto_(arknights)	梅菲斯特	メフィスト（アークナイツ）	Mephisto	明日方舟	291
mercedes_von_martritz	梅瑟迪丝	メルセデス=フォン=マルトリッツ	Mercedes Von Martritz		1122
merchant_(ragnarok_online)	商人	マーチャント	Merchant	仙境传说	528
mercy_(overwatch)	天使（守望先锋2）	マーシー	Mercy	守望先锋2	3460
merlin_(fate)	梅林（Fate）	マーリン（Fate）	Merlin		1752
merlin_(fate/prototype)	梅林（fate/prototype）	旧マーリン	Merlin		1596
merlin_prismriver	梅露兰·普莉兹姆利巴	メルラン・プリズムリバー	Merlin Prismriver		3065
messmer_the_impaler	梅瑟莫	串刺し公メスメル	Messmer The Impaler		524
meteion	梅蒂恩	メーティオン	Meteion		701
meteor_(arknights)	流星（明日方舟）	流星（アークナイツ）	Meteor	明日方舟	318
metroid_(creature)	密特罗德	ベビーメトロイド	Metroid		1045
meursault_(project_moon)	默尔索	ムルソー	Meursault	月亮计划	1781
mew_(pokemon)	梦幻	ミュウ（ポケットモンスター）	Mew	宝可梦	1810
mewtwo	超梦	ミュウツー	Mewtwo		1347
mi_fu_(arknights)	弭弗	ミ・フ	Mi Fu	明日方舟	640
mia_fey	绫里千寻	綾裏千尋	Mia Fey		416
mia_taylor	米娅·泰勒	ミア・テイラー	Mia Taylor		1306
micaiah_(fire_emblem)	米卡亚	ミカヤ	Micaiah	火焰纹章	1533
michael_jackson	迈克尔·杰克逊	マイケル・ジャクソン	Michael Jackson		383
michael_kaiser	米歇尔·凯撒	ミヒャエル・カイザー	Michael Kaiser		479
michigami_nareko	道神驯子	道神馴子	Michigami Nareko		852
michiru_(blue_archive)	千鸟满	千鳥ミチル	Michiru	碧蓝档案	1064
michishio_(kancolle)	满潮	満潮（舰队Collection）	Michishio		2867
michishio_kai_ni_(kancolle)	满潮改二	満潮改二	Michishio Kai Ni		848
mickey_mouse	米老鼠	ミッキーマウス	Mickey Mouse		897
midna	米多娜	ミドナ	Midna		2398
midnight_(boku_no_hero_academia)	香山睡	ミッドナイト	Midnight	我的英雄学院	418
midori_(blue_archive)	才羽绿	才羽ミドリ	Midori	碧蓝档案	6476
midorikawa_nao	绿川渚	緑川なお	Midorikawa Nao		2897
midoriya_izuku	绿谷出久	緑谷出久	Midoriya Izuku		8393
midway_princess	中间栖姬	中間棲姫	Midway Princess		659
mifune_shioriko	三船栞子	三船栞子	Mifune Shioriko		2196
might_guy	迈特·凯	マイト・ガイ	Might Guy		286
miguel_o'hara	米格尔·奥哈拉	ミゲル・オハラ	Miguel O'hara		642
mihono_bourbon_(mb-19890425)_(umamusume)	美浦波旁（mb-19890425）	ミホノブルボン(MB-19890425)	Mihono Bourbon (mb-19890425)	闪耀!优俊少女	1119
mihono_bourbon_(umamusume)	美浦波旁	ミホノブルボン	Mihono Bourbon	闪耀!优俊少女	3892
miia_(monster_musume)	米雅	ミーア（monster musume）	Miia		1199
mika_(blue_archive)	圣园未花	聖園ミカ	Mika	碧蓝档案	16139
mika_(genshin_impact)	米卡	ミカ（原神）	Mika	原神	371
mika_(track)_(blue_archive)	圣园未花（体操服）	聖園ミカ(体操服)	Mika (track)	碧蓝档案	541
mikage_reo	御影玲王	御影玲王	Mikage Reo		550
mikasa_(azur_lane)	三笠	三笠	Mikasa	碧蓝航线	394
mikasa_ackerman	三笠·阿克曼	ミカサ・アッカーマン	Mikasa Ackerman		4713
mikazuki_(kancolle)	三日月（舰队Collection）	三日月（舰队Collection）	Mikazuki		1016
mikazuki_munechika	三日月宗近（刀剑乱舞）	三日月宗近	Mikazuki Munechika		1591
mikazuki_yozora	三日月夜空	三日月夜空	Mikazuki Yozora		695
miki_sayaka	美树沙耶香	美樹さやか	Miki Sayaka		20118
miki_sayaka_(magical_girl)	美树沙耶香（魔法少女）	さやか☆マギカ	Miki Sayaka		8749
mikisugi_aikurou	美木杉爱九郎	美木杉愛九郎	Mikisugi Aikurou		580
mikuma_(kancolle)	三隈	三隈	Mikuma		1374
mikuni_oriko	美国织莉子	美国織莉子	Mikuni Oriko		326
mikura_(kancolle)	御藏	御蔵	Mikura		559
miles_edgeworth	御剑怜侍	御剣憐侍	Miles Edgeworth		1247
milim_nava	蜜莉姆	ミリム・ナーヴァ	Milim Nava		474
milo_(pokemon)	亚洛	ヤロー	Milo	宝可梦	424
milotic	美纳斯	ミロカロス	Milotic		1328
mima_(touhou)	魅魔	魅魔	Mima	东方Project	2369
mimi_(princess_connect!)	美美	茜ミミ	Mimi	公主连结	560
mimikyu	谜拟Q	ミミッキュ	Mimikyu		2898
mimori_(blue_archive)	水羽三森	水羽ミモリ	Mimori	碧蓝档案	703
mimura_kanako	三村加奈子	三村かな子	Mimura Kanako		1763
mina_(blue_archive)	近卫南	近衛ミナ	Mina	碧蓝档案	536
minakami_mai	水上麻衣	水上麻衣	Minakami Mai		633
minakami_sayo	水神小夜	水神小夜	Minakami Sayo		485
minakami_yuki	水上由岐	水上由岐	Minakami Yuki		468
minami_chiaki	南千秋	南千秋	Minami Chiaki		440
minami_kana	南夏奈	南夏奈	Minami Kana		486
minami_koharu	南小阳	南小陽	Minami Koharu		301
minami_kotori	南小鸟	南ことり	Minami Kotori		5861
minami_mirei	南米蕾	南みれぃ	Minami Mirei		596
minami_yume	南梦芽	南夢芽	Minami Yume		847
minamoto_no_raikou_(fate)	源赖光（Fate）	源頼光（Fate）	Minamoto No Raikou		6578
minamoto_no_raikou_(swimsuit_lancer)_(fate)	源赖光（泳装）	源頼光(水着)	Minamoto No Raikou (swimsuit Lancer)		1457
minamoto_sakura	源樱	源さくら	Minamoto Sakura		1326
minamoto_shizuka	源静香	しずかちゃん（minamoto）	Minamoto Shizuka		501
minase_akiko	水濑秋子	水瀬秋子	Minase Akiko		648
minase_iori	水濑伊织	水瀬伊織	Minase Iori		5100
minase_nayuki	水濑名雪	水瀬名雪	Minase Nayuki		766
minase_rio	水无世燐央	燐央絵	Minase Rio		381
minato_aqua	阿夸	湊あくあ	Minato Aqua		9596
minato_aqua_(1st_costume)	凑阿库娅（初始服装）	湊あくあ(通常)	Minato Aqua		2211
minato_aqua_(sailor)	凑阿库娅（水手服）	湊あくあ（水手服）	Minato Aqua		1876
minato_tomoka	凑智花	湊智花	Minato Tomoka		320
minato_yukina	凑友希那	湊友希那	Minato Yukina		1277
minazuki_(kancolle)	水无月（舰队Collection）	水無月（舰队Collection）	Minazuki		715
mine_(blue_archive)	苍森美祢	蒼森ミネ	Mine	碧蓝档案	1181
mine_(idol)_(blue_archive)	苍森美祢（偶像）	蒼森ミネ(アイドル)	Mine (idol)	碧蓝档案	295
mine_fujiko	峰不二子	峰不二子	Mine Fujiko		531
minegumo_(kancolle)	峰云	峯雲	Minegumo		849
mineta_minoru	峰田实	峰田実	Mineta Minoru		550
mini_durin_(genshin_impact)	杜林（mini·原神）	ちびドゥリン	Mini Durin	原神	593
minna-dietlinde_wilcke	米娜·迪特林德·威尔克	ミーナ・ディートリンデ・ヴィルケ	Minna-dietlinde Wilcke		1383
minneapolis_(azur_lane)	明尼阿波利斯	ミネアポリス（アズールレーン）	Minneapolis	碧蓝航线	347
minnie_mouse	米妮	ミニーマウス	Minnie Mouse		585
minori_(senran_kagura)	美野里	美野里(閃乱カグラ)	Minori	闪乱神乐	315
mint_(arknights)	薄绿	ミント（アークナイツ）	Mint	明日方舟	352
mint_(nte)	薄荷（异环）	薄荷（异环）	Mint		429
minthara	明萨拉	ミンサラ	Minthara		334
mio_(arknights)	明日方舟澪	澪（アークナイツ）	Mio	明日方舟	311
miorine_rembran	米奥莉奈·伦布兰	ミオリネ・レンブラン	Miorine Rembran		7272
miquella_(elden_ring)	米凯拉	米凱拉	Miquella	艾尔登法环	973
mirae_(closers)	未来（封印者）	未来（クローザーズ）	Mirae	封印者	312
mirai_(senran_kagura)	未来（闪乱神乐）	未来(閃乱カグラ)	Mirai	闪乱神乐	525
mirko	米尔科	ミルコ	Mirko		6388
misaka_imouto	御坂妹	御坂妹	Misaka Imouto		1171
misaka_mikoto	御坂美琴	御坂美琴	Misaka Mikoto		10829
misaka_shiori	美坂栞	美坂栞	Misaka Shiori		326
misaka_worst	番外个体	番外個体	Misaka Worst		647
misaki_(blue_archive)	戒野美咲	戒野ミサキ	Misaki	碧蓝档案	2036
misaki_(swimsuit)_(blue_archive)	戒野美咲（泳装）	戒野ミサキ(水着)	Misaki (swimsuit)	碧蓝档案	505
misaki_akeno	岬明乃	岬明乃	Misaki Akeno		383
misaki_mei	见崎鸣	見崎鳴	Misaki Mei		429
mishima_kazuya	三岛一八	三島一八	Mishima Kazuya		704
mishou_mai	美翔舞	美翔舞	Mishou Mai		602
mismagius	梦妖魔	ムウマージ	Mismagius		1109
misono_karin	御园花凛	御園かりん	Misono Karin		827
misora_(princess_connect!)	流魅空	ミソラ（プリンセスコネクト!Re:Dive）	Misora	公主连结	392
misty_(pokemon)	小霞	小霞	Misty	宝可梦	4733
misumi_uika	三角初华	三角初華	Misumi Uika		7674
mitaka_asa	三鹰朝	三鷹アサ	Mitaka Asa		2985
mitake_ran	美竹兰	美竹蘭	Mitake Ran		1598
mitarai_shouta	御手洗翔太	御手洗翔太	Mitarai Shouta		283
mithrun	米斯伦	ミスルン	Mithrun		2240
mitsugashira_enoko	三头慧之子	三頭慧ノ子	Mitsugashira Enoko		637
mitsui_hisashi	三井寿	三井寿	Mitsui Hisashi		364
mitsumine_mashiro	三峰真白	三峰真白	Mitsumine Mashiro		317
mitsurugi_meiya	御剑冥夜	御剣冥夜	Mitsurugi Meiya		381
miura_azusa	三浦梓	三浦あずさ	Miura Azusa		3514
miya_atsumu	宫侑	宮侑	Miya Atsumu		372
miyabi_(senran_kagura)	雅绯	雅緋(閃乱カグラ)	Miyabi	闪乱神乐	431
miyadeguchi_mizuchi	宫出口瑞灵	宮出口瑞霊	Miyadeguchi Mizuchi		611
miyagawa_takane	宫川高岭	宮川高嶺	Miyagawa Takane		991
miyagi_shiori	宫城志绪理	宮城志緒理	Miyagi Shiori		1396
miyako_(blue_archive)	月雪宫子	月雪ミヤコ	Miyako	碧蓝档案	5145
miyako_(hidamari_sketch)	宫子	宮ちゃん	Miyako		896
miyako_(princess_connect!)	出云宫子	出雲宮子	Miyako	公主连结	282
miyamae_shiho_(jack_dempa)	宫前诗帆	宮前詩帆	Miyamae Shiho		326
miyamoto_frederica	宫本芙雷德利加	宮本フレデリカ	Miyamoto Frederica		2245
miyamoto_musashi_(fate)	宫本武藏（Fate）	宮本武蔵（Fate）	Miyamoto Musashi		5142
miyamoto_musashi_(swimsuit_berserker)_(fate)	宫本武藏（泳装）	宮本武蔵(水着)	Miyamoto Musashi (swimsuit Berserker)		1828
miyanaga_saki	宫永咲	宮永咲	Miyanaga Saki		879
miyanaga_teru	宫永照	宮永照	Miyanaga Teru		431
miyano_shiho	宫野志保	シェリー(名探偵コナン)	Miyano Shiho		314
miyao_miya	宫尾美也	宮尾美也	Miyao Miya		739
miyasaka_ryou	宫坂了	宮坂了	Miyasaka Ryou		375
miyashiro_takuru	宫代拓留	宮代拓留	Miyashiro Takuru		392
miyaura_sanshio	宫雯汐	宮雯汐	Miyaura Sanshio		494
miyo_(blue_archive)	樱井美代	桜井ミヨ	Miyo	碧蓝档案	1960
miyoshi_sana	三好纱南	三好紗南	Miyoshi Sana		311
miyu_(blue_archive)	霞泽美游	霞沢ミユ	Miyu	碧蓝档案	5503
miyuki_(kancolle)	深雪	深雪	Miyuki		2439
miyuki_kazuya	御幸一也	御幸一也	Miyuki Kazuya		777
mizuhara_chizuru	水原千鹤	一ノ瀬ちづる	Mizuhara Chizuru		924
mizuhara_koyomi	水原历	水原暦	Mizuhara Koyomi		509
mizuho_(kancolle)	瑞穗（舰队Collection）	瑞穂（舰队Collection）	Mizuho		654
mizuki_(arknights)	舟水月	水月	Mizuki	明日方舟	1454
mizuki_kotori_(yu-gi-oh!)	观月小鸟	観月小鳥	Mizuki Kotori	游戏王	298
mizuki_seira	水木圣来	水木聖来	Mizuki Seira		328
mizuki_yukikaze	水城雪风	水城ゆきかぜ	Mizuki Yukikaze		783
mizumiya_su	水宫枢	すくすく枢	Mizumiya Su		816
mizunashi_akari	水无灯里	水無灯裏	Mizunashi Akari		1559
mizusaki_tsubame	水崎氏	水崎ツバメ	Mizusaki Tsubame		362
mizusawa_mao	水泽摩央	水沢摩央	Mizusawa Mao		387
mizushima_saki	水嶋咲	水嶋咲	Mizushima Saki		359
mizutani_eri	水谷绘理	水谷絵理	Mizutani Eri		690
mlynar_(arknights)	玛恩纳	ムリナール(アークナイツ)	Mlynar	明日方舟	645
mo_chengwei	莫承威	莫承威	Mo Chengwei		694
mobius_(honkai_impact)	梅比乌斯	メビウス	Mobius		1840
mochizuki_(kancolle)	望月	望月	Mochizuki		1212
mochizuki_chiyome_(fate)	望月千代女(Fate)	アサシン・パライソ	Mochizuki Chiyome		366
mochizuki_hijiri	望月圣	望月聖	Mochizuki Hijiri		326
mochizuki_honami	望月穗波	望月穂波	Mochizuki Honami		1072
mochizuki_ryouji	望月绫时	望月綾時	Mochizuki Ryouji		899
mococo_abyssgard	茸茸·阿比斯加德	モココ・アビスガード	Mococo Abyssgard		6159
mococo_abyssgard_(1st_costume)	莫可可	モココ・アビスガード(通常)	Mococo Abyssgard		2350
modeus_(helltaker)	莫德乌斯	モデウス	Modeus	地狱把妹王	1786
moe_(blue_archive)	风仓萌绘	風倉モエ	Moe	碧蓝档案	1961
moe_(swimsuit)_(blue_archive)	风仓萌绘（泳装）	モエ(水着)	Moe (swimsuit)	碧蓝档案	802
mogador_(azur_lane)	莫加多尔	莫加多爾	Mogador	碧蓝航线	769
mogami_(kancolle)	最上	最上	Mogami		3033
mohammed_avdol	穆罕默德·阿布德尔	モハメド・アヴドゥル	Mohammed Avdol		990
momiji_(blue_archive)	秋泉红叶	秋泉モミジ	Momiji	碧蓝档案	326
momo_velia_deviluke	摩摩	モモ・ベリア・デビルーク	Momo Velia Deviluke		1257
momohime	百姬	百姫	Momohime		333
momoi_(blue_archive)	王小桃	才羽モモイ	Momoi	碧蓝档案	7762
momoi_(maid)_(blue_archive)	才羽桃井（女仆）	才羽モモイ(メイド)	Momoi (maid)	碧蓝档案	1084
momoi_airi	桃井爱莉	桃井愛莉	Momoi Airi		1403
momoka_(blue_archive)	桃香（碧蓝档案）	由良木モモカ	Momoka	碧蓝档案	430
momomiya_ichigo	桃宫莓	桃宮いちご	Momomiya Ichigo		572
momone_momo	桃音桃子	桃音モモ	Momone Momo		659
momose_rio	百濑莉绪	百瀬莉緒	Momose Rio		743
momosuzu_nene	桃铃音音	桃鈴ねね	Momosuzu Nene		3752
momozono_love	桃园爱	桃園ラブ	Momozono Love		1414
mona_(genshin_impact)	阿斯托洛吉斯·莫娜·梅姬斯图斯	アストローギスト・モナ・メギストス	Mona	原神	9907
mona_(pact_of_stars_and_moon)_(genshin_impact)	莫娜（星与月之约）	莫娜(星与月之約)	Mona (pact Of Stars And Moon)	原神	321
monarch_(azur_lane)	君主	モナーク	Monarch	碧蓝航线	405
monika_(doki_doki_literature_club)	莫妮卡（doki doki literature club）	モニカ(DDLC)	Monika		2600
monkey_d._luffy	蒙奇·D·路飞	モンキー・D・ルフィ	Monkey D. Luffy		8221
monokuma	黑白熊	モノクマ	Monokuma		2968
monomi_(danganronpa)	莫诺美	ウサミ	Monomi		1912
mononobe_alice	物述有栖	白鳥生子	Mononobe Alice		635
mononobe_no_futo	物部布都	物部布都	Mononobe No Futo		10555
moogle	莫古力	モーグリ	Moogle		2430
moona_hoshinova	暮娜·惑星诺瓦	ムーナ・ホシノヴァ	Moona Hoshinova		2187
moonlight_flower	月夜花	ウォルヤファ	Moonlight Flower		564
mordred_(fate)	莫德雷德（Fate）	モードレッド	Mordred		6738
mordred_(fate/apocrypha)	莫德雷德（fate/apocrypha）				1864
mordred_(memories_at_trifas)_(fate)	莫德雷德（memories at trifas·Fate）	トゥリファスの記憶	Mordred (memories At Trifas)		1402
mordred_(third_ascension)_(fate)	莫德雷德（三次再临·Fate）				1218
morgan_le_fay_(fate)	摩根·勒·菲	モルガン・ル・フェ	Morgan Le Fay		6261
morgana_(persona_5)	摩尔加纳	モルガナ（ペルソナ5）	Morgana	女神异闻录5	1420
mori_calliope	森美声	森カリオペ	Mori Calliope		12591
mori_calliope_(1st_costume)	森美声（初始服装）	森カリオペ(通常)	Mori Calliope		3141
mori_calliope_(streetwear)	森美声（streetwear）	森カリオペ（streetwear）	Mori Calliope		1378
mori_nagayoshi_(fate)	森长可	森長可	Mori Nagayoshi		307
mori_yuki	森雪	森雪	Mori Yuki		357
moria_luluka	森亚露露卡	森亜るるか	Moria Luluka		3296
morinaka_kazaki	森中花咲	森中びじゅつかん	Morinaka Kazaki		777
morisawa_chiaki	守泽千秋	守沢千秋	Morisawa Chiaki		810
moriya_suwako	泄矢诹访子	洩矢諏訪子	Moriya Suwako		21970
morpeko	莫鲁贝可	モルペコ	Morpeko		2761
morpeko_(full)	莫鲁贝可（full）	まんぷくもよう	Morpeko		2420
morrigan_aensland	莫莉卡·安斯兰特	モリガン・アーンスランド	Morrigan Aensland		7181
mortenax_blade_(honkai:_star_rail)	千冶·刃	千冶·刃	Mortenax Blade	崩坏:星穹铁道	537
mosin-nagant_(girls'_frontline)	莫辛纳甘	モシン・ナガン(ドールズフロントライン)	Mosin-nagant	少女前线	371
motomiya_daisuke	本宫大辅	本宮大輔	Motomiya Daisuke		296
mount_lady	山岭女侠	Mtレディ	Mount Lady		538
mountain_(arknights)	山	マウンテン	Mountain	明日方舟	2025
mouri_motonari_(sengoku_basara)	毛利元就（战国BASARA）	毛利元就(戦国BASARA)	Mouri Motonari	战国BASARA	366
mouri_ran	毛利兰	毛利蘭	Mouri Ran		804
mousse_(arknights)	慕斯（明日方舟）	ムース（アークナイツ）	Mousse	明日方舟	294
mousse_(duck)_(ranma_1/2)	沐丝（duck）	ムース(らんま1/2)（duck）	Mousse (duck)		308
mousse_(ranma_1/2)	沐丝	ムース(らんま1/2)	Mousse		699
moze_(honkai:_star_rail)	貘泽	貘沢	Moze	崩坏:星穹铁道	417
mp40_(girls'_frontline)	MP40(少女前线)	MP40(ドールズフロントライン)	Mp40	少女前线	737
mp5_(girls'_frontline)	MP5(少女前线)	MP5(ドールズフロントライン)	Mp5	少女前线	315
mp7_(girls'_frontline)	MP7(少女前线)	MP7(ドールズフロントライン)	Mp7	少女前线	655
mr._scarletella	赤伞男子	赤い傘の男	Mr. Scarletella		731
mualani_(genshin_impact)	玛拉妮	瑪拉妮	Mualani	原神	1766
mudkip	水跳蛙	ミズゴロウ	Mudkip		1742
mudrock_(arknights)	泥岩	マドロック	Mudrock	明日方舟	4281
mudrock_(elite_ii)_(arknights)	泥岩（精英二）			明日方舟	1232
muelsyse_(arknights)	缪尔赛思	ミュルジス	Muelsyse	明日方舟	2098
mugetsu_(touhou)	梦月	夢月	Mugetsu	东方Project	660
mugino_shizuri	麦野沈利	麦野沈利	Mugino Shizuri		508
mujina	貉	ムジナ	Mujina		450
mulberry_(arknights)	桑葚	マルベリー	Mulberry	明日方舟	428
mumei_(kabaneri)	无名（甲铁城的卡巴内瑞）	穂積	Mumei		846
munakata_atsumi	栋方爱海	棟方愛海	Munakata Atsumi		455
murakami_tomoe	村上巴	村上巴	Murakami Tomoe		340
murakumo_(kancolle)	丛云	叢雲	Murakumo		7770
murakumo_(senran_kagura)	丛	叢	Murakumo	闪乱神乐	330
murasaki_(senran_kagura)	紫	紫（閃乱カグラ）	Murasaki	闪乱神乐	664
murasaki_shikibu_(fate)	紫式部（Fate）	紫式部（Fate）	Murasaki Shikibu		1576
murasaki_shikibu_(swimsuit_rider)_(first_ascension)_(fate)	紫式部（水着）（一次再临）	紫式部(水着)（一次再临）	Murasaki Shikibu (swimsuit Rider) (first Ascension)		285
murasaki_shion	紫咲诗音	紫咲シオン	Murasaki Shion		5213
murasaki_shion_(1st_costume)	紫咲诗音（初始服装）	魔法使い衣装	Murasaki Shion		1669
murasame_(kancolle)	村雨（舰队Collection）	村雨（舰队Collection）	Murasame		3911
murasame_(senren)	丛雨	ムラサメ	Murasame		905
murata_himeko	无量塔姬子	姫子（murata）	Murata Himeko		1520
murata_ugetsu	村田雨月	村田雨月	Murata Ugetsu		285
musha_miko_tomoe	武者巫女	武者巫女トモエ	Musha Miko Tomoe		336
muten_roushi	武天老师	亀仙人	Muten Roushi		476
muto_yugi	武藤游戏	武藤遊戱	Muto Yugi		1248
mutsu-no-kami_yoshiyuki	陆奥守吉行	陸奥守吉行	Mutsu-no-kami Yoshiyuki		488
mutsu_(kancolle)	陆奥	陸奥（舰队Collection）	Mutsu		5894
mutsu_kai_ni_(kancolle)	陆奥改二	陸奥改二	Mutsu Kai Ni		369
mutsuki_(azur_lane)	睦月（碧蓝航线）	睦月（アズールレーン）	Mutsuki	碧蓝航线	565
mutsuki_(blue_archive)	浅黄睦月	浅黄ムツキ	Mutsuki	碧蓝档案	6191
mutsuki_(dress)_(blue_archive)	浅黄睦月（礼服）	浅黄ムツキ(ドレス)	Mutsuki (dress)	碧蓝档案	941
mutsuki_(kancolle)	睦月（舰队Collection）	睦月（舰队Collection）	Mutsuki		2622
mutsuki_(new_year)_(blue_archive)	浅黄睦月（新年）	ムツキ(正月)	Mutsuki (new Year)	碧蓝档案	563
my_melody	美乐蒂	マイメロディ	My Melody		1641
mydei_(honkai:_star_rail)	迈德漠斯	モーディス	Mydei	崩坏:星穹铁道	6424
myoudouin_itsuki	明堂院树	明堂院いつき	Myoudouin Itsuki		1435
myoukou_(kancolle)	妙高（舰队Collection）	妙高（舰队Collection）	Myoukou		1871
myoukou_kai_ni_(kancolle)	妙高改二	妙高改二	Myoukou Kai Ni		482
myrtle_(arknights)	桃金娘	テンニンカ	Myrtle	明日方舟	1197
mysterious_heroine_x_alter_(fate)	谜之女主角X〔Alter〕	ヒロインXオルタ	Mysterious Heroine X Alter		1958
mysterious_heroine_xx_(fate)	谜之女英雄XX	ヒロインXX	Mysterious Heroine Xx		2377
mystia_lorelei	米斯蒂娅·萝蕾拉	ミスティア・ローレライ	Mystia Lorelei		16240
nachi_(kancolle)	那智（舰队Collection）	那智（舰队Collection）	Nachi		2104
nachi_kai_ni_(kancolle)	那智改二	那智改二	Nachi Kai Ni		394
nadia_la_arwall	娜汀亚	ナディア・ラ・アルウォール	Nadia La Arwall		1118
nagae_iku	永江衣玖	永江衣玖	Nagae Iku		7648
nagakura_shinpachi_(fate)	永仓新八(Fate)	永倉新八(Fate)	Nagakura Shinpachi		386
naganami_(kancolle)	长波	長波	Naganami		4301
naganohara_mio	长野原美绪	長野原みお	Naganohara Mio		891
nagant_revolver_(girls'_frontline)	纳甘左轮（少女前线）	M1895(ドールズフロントライン)	Nagant Revolver	少女前线	678
nagao_kagetora_(fate)	长尾景虎	長尾景虎	Nagao Kagetora		897
nagara_(kancolle)	长良（舰队Collection）	長良（舰队Collection）	Nagara		852
nagasaki_soyo	长崎素世	長崎そよ	Nagasaki Soyo		9274
nagasone_kotetsu	长曾祢虎彻	長曽禰虎徹	Nagasone Kotetsu		353
nagato_(great_fox's_respite)_(azur_lane)	神子的休憩	御狐の寝間着	Nagato (great Fox's Respite)	碧蓝航线	352
nagato_(kancolle)	长门（舰队Collection）	長門（舰队Collection）	Nagato		9822
nagato_kai_ni_(kancolle)	长门改二	長門改二	Nagato Kai Ni		829
nagato_yuki	长门有希	長門有希	Nagato Yuki		9261
nagatoro_hayase	长瀞早濑	長瀞早瀬	Nagatoro Hayase		2266
nagatsuki_(kancolle)	长月（舰队Collection）	長月（舰队Collection）	Nagatsuki		2063
nagayoshi_subaru	永吉昴	永吉昴	Nagayoshi Subaru		717
nagi_seishirou	凪诚士郎	凪誠士郎	Nagi Seishirou		718
nagisa_(blue_archive)	渚（碧蓝档案）	桐藤ナギサ	Nagisa	碧蓝档案	4470
nagisa_(swimsuit)_(blue_archive)	桐藤渚（泳装）	桐藤ナギサ(水着)	Nagisa (swimsuit)	碧蓝档案	941
nagisa_kaworu	渚薰	渚カヲル	Nagisa Kaworu		4621
nagumo_(sakamoto_days)	南云	南雲	Nagumo		321
nagumo_haruya	南云晴矢	南雲晴矢	Nagumo Haruya		309
nahida_(genshin_impact)	纳西妲	ナヒーダ	Nahida	原神	13289
naihe_(female)_(touqi_guaitan)	佴和（女性）	佴和（女性）	Naihe (female)	头七怪谈	458
naka_(kancolle)	那珂	那珂（舰队Collection）	Naka		3845
naka_kai_ni_(kancolle)	那珂	那珂改二	Naka Kai Ni		1010
nakagawa_nana	中川菜菜	ななぽむ	Nakagawa Nana		513
nakagawa_natsuki	中川夏纪	中川夏紀	Nakagawa Natsuki		999
nakahara_chuuya_(bungou_stray_dogs)	中原中也	中原中也	Nakahara Chuuya		469
nakahara_misaki	中原岬	中原岬	Nakahara Misaki		317
nakajima_(girls_und_panzer)	中嶋丽罗	中嶋麗羅	Nakajima	少女与战车	487
nakamura_okuto	中村男久斗	中村男久闘	Nakamura Okuto		283
nakamura_yuri	仲村由里	仲村ゆり	Nakamura Yuri		1760
nakano_azusa	中野梓	中野梓	Nakano Azusa		9283
nakano_miku	中野三玖	中野三玖	Nakano Miku		4148
nakano_nino	中野二乃	中野二乃	Nakano Nino		4672
nakano_yuka	中野有香	中野有香	Nakano Yuka		488
nakaseko_kaori	中世古香织	中世古香織	Nakaseko Kaori		287
nakasu_kasumi	中须霞	中須かすみ	Nakasu Kasumi		2491
nakata_sae	中多纱江	中多紗江	Nakata Sae		349
nakatani_iku	中谷育	中谷育	Nakatani Iku		858
nakatsu_shizuru	中津静流	中津静流	Nakatsu Shizuru		541
nakayama_festa_(umamusume)	中山庆典	ナカヤマフェスタ（ウマ娘プリティーダービー）	Nakayama Festa	闪耀!优俊少女	2811
nakigitsune	鸣狐	鳴狐	Nakigitsune		331
nakiri_ayame	百鬼绫目	百鬼あやめ	Nakiri Ayame		5486
nakiri_ayame_(1st_costume)	百鬼绫目（初始服装）	百鬼あやめ(通常)	Nakiri Ayame		1411
nakoruru	娜可露露	ナコルル	Nakoruru		846
namazuo_toushirou	鲶尾藤四郎	鯰尾藤四郎	Namazuo Toushirou		1269
nami_(league)	娜美（英雄联盟）	ナミ（英雄联盟）	Nami		354
nami_(one_piece)	娜美（海贼王）	ナミ（ワンピース）	Nami	海贼王	10993
namikaze_minato	波风水门	波風ミナト	Namikaze Minato		433
namipon_(wuthering_waves)	波仔	波仔	Namipon	鸣潮	412
nanami_(pgr)	七实	七実	Nanami		365
nanami_haruka	七海春歌	七海春歌	Nanami Haruka		305
nanami_mami	七海麻美	七海麻美	Nanami Mami		300
nanami_touko	七海灯子	七海灯子	Nanami Touko		847
nanami_yachiyo	七海八千代	七海やちよ	Nanami Yachiyo		1280
nanasaki_ai	七咲逢	七咲逢	Nanasaki Ai		2192
nanase_haruka_(free!)	七濑遥（free!）	七瀬遙（Free!）	Nanase Haruka		592
nanashi_mumei	七诗无铭	七詩ムメイ	Nanashi Mumei		9657
nanaya_shiki	七夜志贵	七夜志貴	Nanaya Shiki		357
nanjo_hikaru	南条光	南条光	Nanjo Hikaru		346
naoe_riki	直枝理树	直枝理樹	Naoe Riki		923
naoi_ayato	直井文人	直井文人	Naoi Ayato		478
naoki_miki	直树美纪	直樹美紀	Naoki Miki		343
nara_shikamaru	奈良鹿丸	奈良シカマル	Nara Shikamaru		632
narancia_ghirga	纳兰迦·吉尔卡	ナランチャ・ギルガ	Narancia Ghirga		1187
narciso_anasui	纳鲁西索·安娜苏	ナルシソ・アナスイ	Narciso Anasui		738
narita_brian_(umamusume)	成田拜仁	ナリタブライアン（ウマ娘プリティーダービー）	Narita Brian	闪耀!优俊少女	2762
narita_taishin_(umamusume)	成田大进	ナリタタイシン（ウマ娘プリティーダービー）	Narita Taishin	闪耀!优俊少女	2588
narita_top_road_(umamusume)	成田路	ナリタトップロード（ウマ娘プリティーダービー）	Narita Top Road	闪耀!优俊少女	2331
narukami_arashi	鸣上岚	鳴上嵐	Narukami Arashi		308
narukami_yu	鸣上悠	鳴上悠	Narukami Yu		5781
naruko_(naruto)	漩涡鸣子	漩渦鳴子	Naruko		652
narumiya_yume	成宫由爱	成宮由愛	Narumiya Yume		365
narusawa_ryouka	成泽棱歌	成沢稜歌	Narusawa Ryouka		624
naruse_mio	成濑澪	成瀬澪	Naruse Mio		298
natori_(kancolle)	名取（舰队Collection）	名取（舰队Collection）	Natori		850
natsu_(band)_(blue_archive)	柚鸟夏（乐队）	柚鳥夏	Natsu (band)	碧蓝档案	847
natsu_(blue_archive)	柚鸟夏	柚鳥ナツ	Natsu	碧蓝档案	3576
natsu_megumi	奈津惠	奈津恵	Natsu Megumi		1039
natsuiro_matsuri	若木春	夏色まつり	Natsuiro Matsuri		4532
natsuiro_matsuri_(1st_costume)	夏色祭	夏色まつり(通常)	Natsuiro Matsuri		1146
natsuki_(doki_doki_literature_club)	夏树	ナツキ(DDLC)	Natsuki		2166
natsuki_karin	夏色花梨	花梨ギャラリー	Natsuki Karin		741
natsume_an-an	夏目安安	夏目アンアン	Natsume An-an		1652
natsume_inori	夏目祈	夏目祈	Natsume Inori		350
natsume_kyousuke	枣恭介	棗恭介	Natsume Kyousuke		969
nautika_(reverse:1999)	诺谛卡	ノーティカ（リバース1999）	Nautika	重返未来1999	377
naveen_(pokemon)	琵鲁	ピュール	Naveen	宝可梦	419
navia_(genshin_impact)	娜维娅·卡萨帕	ナヴィア	Navia	原神	2743
nayuta_(chainsaw_man)	那由多（电锯人）	那由多（チェンソーマン）	Nayuta	电锯人	1133
nazrin	纳兹琳	ナズーリン	Nazrin		16122
nearl_(arknights)	临光	ニアール	Nearl	明日方舟	1406
nearl_the_radiant_knight_(arknights)	耀骑士临光	耀騎士ニアール	Nearl The Radiant Knight	明日方舟	475
necrass_(arknights)	爱布拉娜	エブラナ	Necrass	明日方舟	1363
nefer_(genshin_impact)	奈芙尔	ネフェル	Nefer	原神	735
negev_(girls'_frontline)	内格夫	ネゲヴ(ドールズフロントライン)	Negev	少女前线	793
nekomata_okayu	猫又小粥	猫又おかゆ	Nekomata Okayu		11674
nekomata_okayu_(1st_costume)	猫又小粥（初始服装）	猫又おかゆ(通常)	Nekomata Okayu		3076
nekomata_okayu_(oversized_shirt)	猫又小粥（oversized shirt）	猫又おかゆ(彼シャツ)	Nekomata Okayu		1322
nekomiya_hinata	猫宫日向	猫宮ひなた	Nekomiya Hinata		719
nekomiya_mana	猫宫又奈	猫宮又奈	Nekomiya Mana		1392
nekomura_iroha	猫村伊吕波	猫村いろは	Nekomura Iroha		287
nekomusume	猫女	こねこ娘	Nekomusume		1700
nekomusume_(gegege_no_kitarou_5)	5期猫娘	5期猫娘	Nekomusume		381
nekonyaa_(girls_und_panzer)	猫田舞	猫田舞	Nekonyaa	少女与战车	381
nelson_(azur_lane)	纳尔逊（碧蓝航线）	ネルソン(アズールレーン)	Nelson	碧蓝航线	383
nemesis_(girls'_frontline_2)	纳美西丝（少女前线2）	ネメシス(ドールズフロントライン2)	Nemesis		289
nemesis_(resident_evil)	追迹者	追跡者（バイオハザード）	Nemesis	生化危机	299
nemo_(fate)	尼莫	ネモ・シリーズ	Nemo		1181
nemona_(pokemon)	妮莫	孫ネモ	Nemona	宝可梦	2250
nemoto_hina	根元阳菜	根元陽菜	Nemoto Hina		1342
neneka_(princess_connect!)	现士见似似花	現士見似々花	Neneka	公主连结	304
nenohi_(kancolle)	子日	子日	Nenohi		929
neo_asari	根绪亚纱里	あさり先生	Neo Asari		612
neo_universe_(umamusume)	新宇宙	ネオユニヴァース（ウマ娘プリティーダービー）	Neo Universe	闪耀!优俊少女	1358
neon_(nikke)	尼恩（胜利女神：妮姬）	ネオン(NIKKE)	Neon		748
neopolitan_(rwby)	妮欧	ニオ（rwby）	Neopolitan		1164
neptune_(azur_lane)	海王星（碧蓝航线）	海王星	Neptune	碧蓝航线	378
neptune_(neptunia)	海王星（海王星）	ネプテューヌ	Neptune		2389
nero_(devil_may_cry)	尼禄（鬼泣）	ネロ（鬼泣）	Nero		761
nero_claudius_(bride)_(fate)	尼禄·克劳狄乌斯（新娘·Fate）	嫁セイバー	Nero Claudius (bride)		2021
nero_claudius_(fate)	尼禄·克劳狄乌斯（Fate）	ネロ・クラウディウス	Nero Claudius		11384
nero_claudius_(fate/extra)	尼禄·克劳狄乌斯（fate/extra）	薔薇の舞踏服	Nero Claudius		2753
nero_claudius_(swimsuit_caster)_(fate)	尼禄·克劳狄乌斯（泳装Caster·Fate）	ネロ・クラウディウス(水着)	Nero Claudius (swimsuit Caster)		2326
neru_(blue_archive)	美甘尼禄	美甘ネル	Neru	碧蓝档案	5721
neru_(school_uniform)_(blue_archive)	美甘尼禄（校服）	美甘尼禄(校服)	Neru (school Uniform)	碧蓝档案	569
ness_(mother_2)	尼斯	ネス	Ness		1398
nessa_(pokemon)	露璃娜	露璃娜	Nessa	宝可梦	3860
neuvillette_(genshin_impact)	那维莱特	那維莱特	Neuvillette	原神	2985
new_jersey_(azur_lane)	新泽西	ニュージャージー（アズールレーン）	New Jersey	碧蓝航线	1666
new_jersey_(exhilarating_steps!)_(azur_lane)	跃动的舞台时间！	リッピング・ステッピング!	New Jersey (exhilarating Steps!)	碧蓝航线	495
nia_(blade)_(xenoblade)	妮亚（刃）				1542
nia_(xenoblade)	妮亚	ニア（xenoblade）	Nia		3757
nia_teppelin	妮亚·提佩林	ニア・テッペリン	Nia Teppelin		3189
nian_(arknights)	年	ニアン	Nian	明日方舟	3478
nibutani_shinka	丹生谷森夏	丹生谷森夏	Nibutani Shinka		929
nice_nature_(umamusume)	优秀素质	ナイスネイチャ（ウマ娘プリティーダービー）	Nice Nature	闪耀!优俊少女	5532
nico_robin	妮可·罗宾	ニコ・ロビン	Nico Robin		7695
nicole_(genshin_impact)	尼可·莱恩	ニコ・リヤン	Nicole	原神	796
nicole_demara	妮可·德玛拉	ニコ・デマラ	Nicole Demara		4467
nidai_nekomaru	贰大猫丸	弐大猫丸	Nidai Nekomaru		370
nier_(granblue_fantasy)	尼娅	ニーア	Nier	碧蓝幻想	562
nightingale_(arknights)	夜莺（明日方舟）	ナイチンゲール	Nightingale	明日方舟	490
niijima_sae	新岛冴	新島冴	Niijima Sae		419
niimi_sora	新海天	新海天	Niimi Sora		552
nijigaoka_mashiro	虹之丘真白	虹ヶ丘ましろ	Nijigaoka Mashiro		1851
nijimura_okuyasu	虹村亿泰	虹村億泰	Nijimura Okuyasu		1069
nijou_noriko	二条乃梨子	乃梨子	Nijou Noriko		458
nijou_ryuu	二城龙	二城竜	Nijou Ryuu		352
nikaido_chizuru	二阶堂千鹤	二階堂千鶴	Nikaido Chizuru		462
nikaido_hiro	二阶堂希罗	二階堂ヒロ	Nikaido Hiro		3743
nikaidou_(dorohedoro)	二阶堂	二階堂	Nikaidou		481
nikketa_(girls'_frontline_2)	妮基塔	ニキータ	Nikketa		379
nikki_(nikki)	暖暖	暖暖	Nikki		5369
niko_(blue_archive)	妮可（碧蓝档案）	吉野ニコ	Niko	碧蓝档案	2134
nilou_(breeze_of_sabaa)_(genshin_impact)	妮露（莎邦之息）	東風はこぶ花の吐息	Nilou (breeze Of Sabaa)	原神	570
nilou_(genshin_impact)	莲光落舞筵	ニィロウ	Nilou	原神	5977
nina_(fire_emblem)	妮娜	エポニーヌ	Nina	火焰纹章	1120
ning_hai_(azur_lane)	宁海（碧蓝航线）	寧海(アズールレーン)	Ning Hai	碧蓝航线	513
ningguang_(genshin_impact)	掩月天权	凝光	Ningguang	原神	2678
ningguang_(orchid's_evening_gown)_(genshin_impact)	凝光（纱中幽兰）	凝光(紗中幽蘭)	Ningguang (orchid's Evening Gown)	原神	315
ninja_(final_fantasy)	忍者（最终幻想）	忍者（ファイナルファンタジー）	Ninja	最终幻想	413
ninja_(ragnarok_online)	忍者（仙境传说）	忍者（ラグナロクオンライン）	Ninja	仙境传说	380
ninomae_ina'nis	一伊那尓栖	にのまえいなにす	Ninomae Ina'nis		12642
ninomae_ina'nis_(casual)	一伊那尓栖（私服）	一伊那尓棲(私服)	Ninomae Ina'nis		757
ninomae_ina'nis_(new_year)	一伊那尓栖（正月衣装）	一伊那尓棲(正月衣装)	Ninomae Ina'nis		287
nippaku_zanmu	日白残无	日白残無	Nippaku Zanmu		905
nirei_nozomi	榆井希实	楡井希実	Nirei Nozomi		314
nishi_kinuyo	西绢代	西ダジ	Nishi Kinuyo		1771
nishida_satono	尔子田里乃	爾子田里乃	Nishida Satono		1953
nishijou_nanami	西条七海	西条七海	Nishijou Nanami		510
nishijou_takumi	西条拓巳	西條拓巳	Nishijou Takumi		353
nishikata	西片	西片くん	Nishikata		548
nishikigi_chisato	锦木千束	錦木千束	Nishikigi Chisato		8456
nishikino_maki	西木野真姬	にこまき	Nishikino Maki		8390
nishimiya_shouko	西宫硝子	西宮硝子	Nishimiya Shouko		329
nishino_flower_(umamusume)	西野花	ニシノフラワー（ウマ娘プリティーダービー）	Nishino Flower	闪耀!优俊少女	1465
nishizono_mio	西园美鱼	西園美魚	Nishizono Mio		552
nishizumi_maho	西住真穗	西住まほ	Nishizumi Maho		6994
nishizumi_miho	西住美穗	西住みほ	Nishizumi Miho		10683
nishizumi_shiho	西住志穗	西住しほ	Nishizumi Shiho		2339
nisshin_(kancolle)	日进	日進	Nisshin		508
nito_nazuna	仁兔成鸣	仁兎なずな	Nito Nazuna		398
nitocris_(fate)	尼托克丽丝	ニトクリス	Nitocris		3441
niwatari_kutaka	庭渡久侘歌	庭渡久侘歌	Niwatari Kutaka		2381
niya_(blue_archive)	天地妮娅	天地ニヤ	Niya	碧蓝档案	583
no._21_(pgr)	21号	21号(パニグレ)	No. 21		606
no_name_assassin_(fate)	狂信者	偽アサシン	No Name Assassin		322
no_reason_(umamusume)	莫名其妙	ノーリーズン（ウマ娘プリティーダービー）	No Reason	闪耀!优俊少女	282
noa_(blue_archive)	生盐诺亚	生塩ノア	Noa	碧蓝档案	8459
noa_(pajamas)_(blue_archive)	生盐诺亚（睡衣）	生塩ノア(パジャマ)	Noa (pajamas)	碧蓝档案	944
noda_(angel_beats!)	野田	野田	Noda		292
nodoka_(blue_archive)	天见和香	天見ノドカ	Nodoka	碧蓝档案	451
noel_(cookie)	NEL姉贵	NEL姉貴	Noel		292
noel_vermillion	诺艾尔·维尔米利恩	ノエル=ヴァーミリオン	Noel Vermillion		1752
noelle_(genshin_impact)	诺艾尔（原神）	ノエル（原神）	Noelle	原神	2154
noelle_holiday	诺艾尔	ノエル	Noelle Holiday		2628
noi_(dorohedoro)	能井	能井	Noi		788
noihara_himari	绯鞠	緋鞠	Noihara Himari		448
noir_(nikke)	诺亚尔	ノワール（NIKKE）	Noir		843
nonna_(girls_und_panzer)	农娜	農娜	Nonna	少女与战车	2481
nonohara_akane	野野原茜	野々原茜	Nonohara Akane		620
nonohara_yuzuko	野野原柚子	野々原ゆずこ	Nonohara Yuzuko		595
nonomi_(blue_archive)	十六夜野宫	十六夜ノノミ	Nonomi	碧蓝档案	4877
north_flight_(umamusume)	北方飞翔	ノースフライト(ウマ娘)	North Flight	闪耀!优俊少女	418
northern_ocean_princess	北方栖姬	北方棲姫	Northern Ocean Princess		6763
noshiro_(azur_lane)	能代（碧蓝航线）	能代（アズールレーン）	Noshiro	碧蓝航线	880
noshiro_(kancolle)	能代（舰队Collection）	能代（舰队Collection）	Noshiro		2136
noumi_kudryavka	能美库特莉亚芙卡	能美クドリャフカ	Noumi Kudryavka		2179
nowaki_(kancolle)	野分（舰队Collection）	野分（舰队Collection）	Nowaki		1295
nozaki_umetarou	野崎梅太郎	野崎梅太郎	Nozaki Umetarou		356
nozomi_(blue_archive)	橘望	橘ノゾミ	Nozomi	碧蓝档案	6677
nozomi_(princess_connect!)	樱井望	桜井望	Nozomi	公主连结	361
ntw-20_(girls'_frontline)	NTW-20(少女前线)	NTW-20(ドールズフロントライン)	Ntw-20	少女前线	432
nukumizu_kaju	温水佳树	温水佳樹	Nukumizu Kaju		324
nukumizu_kazuhiko	温水和彦	温水和彦	Nukumizu Kazuhiko		349
numby_(honkai:_star_rail)	账账	トパーズ&カブ	Numby	崩坏:星穹铁道	631
nursery_rhyme_(fate)	童谣	ナーサリー・ライム	Nursery Rhyme		1372
nyaan_(gundam_gquuuuuux)	尼娅安	ニャアン	Nyaan		1522
nyarlathotep_(nyaruko-san)	奈亚子	ニャルラトホテプ（nyaruko-san）	Nyarlathotep		1056
nymph_(arknights)	妮芙	妮芙	Nymph	明日方舟	503
nyon_(cookie)	NYN姐贵	NYN姉貴	Nyon		982
nyotengu	女天狗	女天狗	Nyotengu		485
nyto_(girls'_frontline)	涅托	ドアに挟まれるNYTO	Nyto	少女前线	496
nyubara_reona	鳰原令王那	鳰原れおな	Nyubara Reona		324
oberon_(fate)	奥伯龙	オベロン(Fate)	Oberon		3482
oberon_(third_ascension)_(fate)	奥伯龙（三次再临）	オベロン・ヴォーティガーン	Oberon (third Ascension)		1935
oboro_(kancolle)	胧（舰队Collection）	朧（舰队Collection）	Oboro		3423
octoling_boy	章鱼男孩	タコボーイ	Octoling Boy		1216
oda_nobukatsu_(fate)	织田信胜（Fate）	織田信勝（Fate）	Oda Nobukatsu		1147
oda_nobunaga_(fate)	织田信长（Fate）	織田信長（Fate）	Oda Nobunaga		4042
oda_nobunaga_(maou_avenger)_(fate)	魔王信长(Fate)	魔王信長(Fate)	Oda Nobunaga (maou Avenger)		754
oda_nobunaga_(swimsuit_berserker)_(fate)	织田信长（水着）	織田信長(水着)	Oda Nobunaga (swimsuit Berserker)		642
oddish	走路草	ナゾノクサ	Oddish		1119
odette_(genshin_impact)	奥黛塔	オデット（原神）	Odette	原神	613
ogami_sachi	大贺美沙知	大賀美沙知	Ogami Sachi		754
ogami_tamaki	大神环	大神環	Ogami Tamaki		731
ogasahara_hisame	小笠原绯雨	小笠原緋雨	Ogasahara Hisame		497
ogasawara_sachiko	小笠原祥子	小笠原祥子	Ogasawara Sachiko		616
ogata_chieri	绪方智惠理	緒方智恵理	Ogata Chieri		1219
ogino_chihiro	荻野千寻	千尋（ogino）	Ogino Chihiro		675
ogiue_chika	荻上千佳	荻上千佳	Ogiue Chika		337
oguri_cap_(starlight_beat)_(umamusume)	小栗帽（starlight beat）	オグリキャップ（starlight beat·ウマ娘プリティーダービー）	Oguri Cap (starlight Beat)	闪耀!优俊少女	1963
ohishi_izumi	大石泉	大石泉	Ohishi Izumi		436
ohno_kanako	加奈子	大野	Ohno Kanako		281
ohr_(blue_archive)	奥茹	オウル	Ohr	碧蓝档案	619
oikawa_tooru_(haikyuu!!)	及川彻	及川徹	Oikawa Tooru		503
oikura_sodachi	老仓育	老倉育	Oikura Sodachi		330
okabe_rintarou	冈部伦太郎	オカリン	Okabe Rintarou		1881
okada_akane	冈田茜	岡田茜	Okada Akane		306
okada_izou_(fate)	冈田以藏	岡田以蔵	Okada Izou		922
okazaki_tomoya	冈崎朋也	岡崎朋也	Okazaki Tomoya		843
okazaki_ushio	冈崎汐	岡崎汐	Okazaki Ushio		638
okinami_(kancolle)	冲波	沖波	Okinami		886
okino_tsukasa	冲野司	沖野司	Okino Tsukasa		294
okita_sougo	冲田总悟	沖田總悟	Okita Sougo		951
okita_souji_(fate)	冲田总司（Fate）	沖田総司（Fate）	Okita Souji		7953
okita_souji_(koha-ace)	冲田总司（koha-ace）	沖田総司（コハエース）	Okita Souji		5577
okita_souji_(third_ascension)_(fate)	冲田总司（三次再临·Fate）				1879
okita_souji_alter_(fate)	魔神总司	沖田総司（Fate）	Okita Souji Alter		1460
okonogi_yuuko	小此木优子	ヤサコ	Okonogi Yuuko		330
oktavia_von_seckendorff	人鱼的魔女	オクタヴィア・フォン・ゼッケンドルフ	Oktavia Von Seckendorff		1067
okumura_rin	奥村燐	奥村燐	Okumura Rin		541
okumura_yukio	奥村雪男	奥村雪男	Okumura Yukio		359
okunoda_miyoi	奥野田美宵	奥野田美宵	Okunoda Miyoi		990
okusawa_misaki	奥泽美咲	奥沢美咲	Okusawa Misaki		1143
olga_marie_animusphere	奥尔加玛丽·阿尼姆斯菲亚	オルガマリー・アニムスフィア	Olga Marie Animusphere		2015
olimar	奥利马	キャプテン・オリマー	Olimar		1463
oma_kokichi	王马小吉	王馬小吉	Oma Kokichi		9732
omanyte	菊石兽	オムナイト	Omanyte		367
omaru_polka	尾丸波尔卡	尾丸ポルカ	Omaru Polka		3725
omaru_polka_(1st_costume)	尾丸波尔卡（初始服装）	尾丸ポルカ(通常)	Omaru Polka		1187
omokage_yugamu	面影歪	面影歪	Omokage Yugamu		764
onitsuka_natsumi	鬼冢夏美	鬼塚夏美	Onitsuka Natsumi		815
onitsuka_tomari	鬼冢冬毬	とまなつ	Onitsuka Tomari		799
onodera_kosaki	小野寺小咲	小野寺小咲	Onodera Kosaki		390
onoe_serika	尾上世莉架	尾上世莉架	Onoe Serika		645
onozuka_komachi	小野冢小町	小野塚小町	Onozuka Komachi		10319
ooba_minori	大庭稔	O杯ちゃん	Ooba Minori		373
oogaki_chiaki	大垣千明	大垣千明	Oogaki Chiaki		586
ooi_(kancolle)	大井	大井	Ooi		5615
ookami_mio	大神澪	大神ミオ	Ookami Mio		8389
ookami_mio_(1st_costume)	大神澪（初始服装）	大神ミオ(通常)	Ookami Mio		1503
ookami_mio_(hoodie)	大神澪（hoodie）	大神ミオ(パーカー)	Ookami Mio		1343
ookami_ryouko	大神凉子	大神涼子	Ookami Ryouko		296
ookuma_satomi	大熊里美	大熊里美	Ookuma Satomi		300
ookurikara	大倶利伽罗	大倶利伽羅	Ookurikara		559
oomiya_shinobu	大宫忍	大宮忍	Oomiya Shinobu		363
oomuro_hanako	大室花子	大室花子	Oomuro Hanako		332
oosawa_aya	大泽绫	大沢綾	Oosawa Aya		726
ooshio_(kancolle)	大潮	大潮（舰队Collection）	Ooshio		1386
oosuki_mamako	大好真真子	大好真々子	Oosuki Mamako		358
oosumi_kanon	大隅夏音	大隅夏音	Oosumi Kanon		320
oosuzuki_kurara	大铃木梦罗	大鈴木くらら	Oosuzuki Kurara		330
ootori_emu	凤笑梦	鳳笑夢	Ootori Emu		2722
ootsu_mari	大津茉里	大津茉裏	Ootsu Mari		357
ooyodo_(kancolle)	大淀	大淀	Ooyodo		6737
oozora_subaru	大空昴	大空スバル	Oozora Subaru		7950
oozora_subaru_(1st_costume)	大空昴（初始服装）	大空スバル(通常)	Oozora Subaru		1285
oozora_subaru_(suspenders)	大空昴（suspenders）	大空スバル(お仕事)	Oozora Subaru		1085
ophelia_phamrsolone	奥菲莉娅·法姆索罗涅	オフェリア・ファムルソローネ	Ophelia Phamrsolone		410
optimus_prime	擎天柱	オプティマス・プライム	Optimus Prime		1201
orfevre_(umamusume)	黄金巨匠	オルフェーヴル(ウマ娘)	Orfevre	闪耀!优俊少女	2860
orie_ballardiae_harada	原田织依	オリエ・バラーディア	Orie Ballardiae Harada		606
originium_slug_(arknights)	源石虫	オリジムシ	Originium Slug	明日方舟	312
orihara_izaya	折原临也	折原臨也	Orihara Izaya		932
orihara_kozue	折原梢	こずぴぃ	Orihara Kozue		426
orimoto_rika	祈本里香	祈本里香	Orimoto Rika		392
orin_the_red	奥林	奥林	Orin The Red		341
orochimaru_(naruto)	大蛇丸	大蛇丸	Orochimaru		322
ororon_(genshin_impact)	欧洛伦	欧洛倫	Ororon	原神	766
orphie_magnusson	奥菲斯	オルペウス・マグヌッソン	Orphie Magnusson		1359
oryou_(girls_und_panzer)	野上武子	野上武子	Oryou	少女与战车	562
osaka_shizuku	樱坂雫	桜坂しずく	Osaka Shizuku		2846
osakabehime_(fate)	刑部姬	刑部姫	Osakabehime		1695
oshino_ougi	忍野扇	忍野扇	Oshino Ougi		1674
otegine	御手杵（刀剑乱舞）	御手杵	Otegine		327
otogi_(blue_archive)	天神山音葵	天神山オトギ	Otogi	碧蓝档案	1587
otogibara_era	御伽原江良	御伽原江良	Otogibara Era		284
otomachi_una	音衔鳗	音街ウナ	Otomachi Una		1686
otomune_kozue	乙宗梢	乙宗梢	Otomune Kozue		7229
otonashi_haruna	音无春奈	音無春奈	Otonashi Haruna		354
otonashi_kyouko	音无响子	音無響子	Otonashi Kyouko		383
otonashi_yuzuru	音无结弦	音無結弦	Otonashi Yuzuru		781
otonose_kanade_(1st_costume)	音乃濑奏（通常）	音乃瀬奏(通常)	Otonose Kanade		819
ots-14_(girls'_frontline)	闪电（少女前线）	OTs-14(ドールズフロントライン)	Ots-14	少女前线	1166
otto_apocalypse	奥托·阿波卡利斯	オットー・アポカリプス	Otto Apocalypse		349
oukawa_kohaku	樱河琥珀	桜河こはく	Oukawa Kohaku		328
oumi_shiori	近江汐莉	近江汐莉	Oumi Shiori		296
ouro_kronii	奥罗·克洛尼	オーロ・クロニー	Ouro Kronii		14404
ouroboros_(girls'_frontline)	衔尾蛇（少女前线）	ウロボロス(ドールズフロントライン)	Ouroboros	少女前线	300
outis_(project_moon)	奥提斯	ウーティス	Outis	月亮计划	2496
ouzuka_mai	王冢真唯	王塚真唯	Ouzuka Mai		696
owada_mondo	大和田纹土	大和田紋土	Owada Mondo		619
owari_(azur_lane)	尾张	尾張	Owari	碧蓝航线	995
owari_akane	终里赤音	終裏赤音	Owari Akane		641
oyama_mahiro	绪山真寻	緒山真尋	Oyama Mahiro		7899
oyashio_(kancolle)	亲潮（舰队Collection）	親潮（舰队Collection）	Oyashio		1589
ozen	不动卿	オーゼン	Ozen		648
ozora_akari	大空明	大空あかり	Ozora Akari		796
p90_(girls'_frontline)	P90(少女前线)	P90(ドールズフロントライン)	P90	少女前线	897
pa-15_(girls'_frontline)	PA-15(少女前线)	PA-15(ドールズフロントライン)	Pa-15	少女前线	838
pachirisu	帕奇利兹	パチリス	Pachirisu		1425
padparadscha_(houseki_no_kuni)	帕帕拉恰	パパラチア	Padparadscha	宝石之国	297
paimon_(genshin_impact)	派蒙	パイモン（原神）	Paimon	原神	8322
pallas_(arknights)	帕拉斯	パラス(アークナイツ)	Pallas	明日方舟	522
palutena	帕露蒂娜	パルテナ	Palutena		2655
pamiat_merkuria_(azur_lane)	水星纪念	パーミャチ・メルクーリヤ	Pamiat Merkuria	碧蓝航线	746
pan_yinhu	潘引壶	潘引壺	Pan Yinhu		570
pannacotta_fugo	潘纳科达·福葛	パンナコッタ・フーゴ	Pannacotta Fugo		1109
