tag	current_zh	ja	en	post_count
.hack//games	.hack//感染扩大	.hack//感染拡大	.hack//Games	223
.live	偶像部	ドットライブ	.LIVE	2512
1-nichi_gaishutsuroku_hanchou	班长	1日外出録ハンチョウ	1-nichi Gaishutsu Roku Hanchou	27
100%_orange_juice	橙汁	100%おれんじじゅ〜すっ!	100% Orange Juice	375
10000_kounen_sougankyou	10000光年双筒望远镜	10000光年双眼鏡	10000 Kounen Sougankyou	46
12-sai.	12岁。	12歳。	12-sai.	6
12_seiza_vtuber_kikaku	12星座VTuber企画	12星座VTuber企画	12 Seiza Vtuber Kikaku	19
15_bishoujo_hyouryuuki	15美少女漂流记	15美少女漂流記	15 Bishoujo Hyouryuuki	20
15_shoujo	十五少女	十五少女	Fifteen Voices	17
16personalities	MBTI		16Personalities	512
188_group_(series)	188男团	188男団	188 Group (series)	19
1984_(novel)	1984年（小说）	1984年(小説)	1984	55
19_tian	19天	19天	19 Days	145
1_rt_de_nakawarui_nonke_joshi-tachi_ga_1-byou_kiss_suru	1个转发让关系不好的异性恋少女们接吻1秒	1RTで仲悪いノンケ女子たちが1秒キスする	1 Rt De Nakawarui Nonke Joshi-tachi Ga 1-byou Kiss Suru	15
2-daime_enma_(synthesizer_v)	2代目阎魔	2代目閻魔	2-daime Enma (synthesizer V)	20
2000-nen_3-gatsu_9-ka_(vocaloid)	2000年3月9日	2000年3月9日	2000-nen 3-gatsu 9-ka (vocaloid)	2
2008_summer_olympics	2008年北京奥运	2008年北京奥運	2008 Summer Olympics	8
2010_(book)	2010年	2010年	2010 (book)	1
2020_summer_olympics	2020东京五轮	東京オリンピック	2020 Summer Olympics	112
2022_winter_olympics	北京冬奥会	北京オリンピック(2022年)	2022 Winter Olympics Beijing	31
20th_century_boys	20世纪少年	20世紀少年	20th Century Boys	38
21_shiji_qujing_lu	21世纪取经录	21世紀取経録	The 21st Century Buddhist Pilgrimage	8
28_days_later	28日后...	28日後...	28 Days Later	9
2_x_kanojo	2×彼女	2×彼女	Two Times Girlfriends	2
3-punkan_(cevio)	3分间	3分間	3-punkan	2
300_battles	300大作战	300大作戦	300 Battles	6
300_heroes	300英雄	300英雄	300 Heroes	81
341_sentoudan	341战斗团	341戦闘団	341 Sentoudan	8
360_safeguard	360安全卫士	360安全卫士	360 Safeguard	6
46_okunen_monogatari_haruka_naru_eden_e	46亿年物语	46億年物語	46 Okunen Monogatari Haruka Naru Eden E	2
5-sai_seijo	5岁圣女	5歳聖女	5-sai Seijo	4
5th_republic_(2005_korean_drama)	第5共和国	第五共和国	5th Republic (2005 Korean Drama)	11
6-nen_6-gumi_inbou_sensei_(synthesizer_v)	6年6组 阴谋先生	6年6組 陰謀先生	6-nen 6-gumi Inbou Sensei (synthesizer V)	1
7-kakan_gentei_kanojo	7日间限定彼女	7日間限定彼女	7-kakan Gentei Kanojo	5
727_banchi	727番地	727番地	727 Banchi	1
7th_dragon_(series)	第七龙神	セブンスドラゴン	7th Dragon (series)	1511
86_-eightysix-	86-不存在的战区-	エイティシックス	86 -Eighty-Six-	962
a-1_pictures	株式会社A-1Pictures	株式会社A-1Pictures	A-1 Pictures	30
a-soul	A手	A手	ASOUL	255
a_better_tomorrow	英雄本色	男たちの挽歌	A Better Tomorrow	21
a_deer_of_nine_colors	九色鹿	九色鹿	A Deer Of Nine Colors	168
a_dream_of_splendor	梦华录	夢華録	A Dream of Splendor	1
a_girl_adrift	漂流少女	漂流少女	A Girl Adrift	3
a_order	A联合	A連合	A Order	1
a_shuai_on_line	阿衰online	阿衰online	A Shuai On Line	5
a_starless_clan	无星之族	無星之族	A Starless Clan	9
a_summer's_end:_hong_kong_1986	夏天的一天 — 香港 1986	夏天的一天 — 香港 1986	A Summer's End: Hong Kong 1986	67
a_tale_of_two_sisters	箪笥	箪笥	A Tale Of Two Sisters	3
a_vision_of_shadows	暗影幻象	影幻象	A Vision of Shadows	26
abashiri_bangaichi	网走番外地	網走番外地	Abashiri Bangaichi	1
abyss_horizon	深渊地平线	アビス・ホライズン	Abyss Horizon	17
acca_13-ku_kansatsu-ka	ACCA13区监察课	ACCA13区監察課	Acca 13-ku Kansatsu-ka	49
ace_attorney	逆转裁判	逆転裁判	Ace Attorney	9011
ace_attorney_investigations	逆转检事	逆転検事	Ace Attorney Investigations	793
ace_attorney_investigations:_miles_edgeworth	逆转检事	逆転検事	Ace Attorney Investigations: Miles Edgeworth	178
ace_attorney_investigations_2:_prosecutor's_gambit	逆转检事2	逆転検事2	Ace Attorney Investigations 2: Prosecutor's Gambit	373
ace_combat	皇牌空战	エースコンバット	Ace Combat	921
ace_force	王牌战士	王牌戦士	Ace Force	2
ace_virgin	皇牌机娘	ソラヒメ~ACE_VIRGIN~	Ace Virgin	25
acfun	A站	A站	Acfun	140
adabana_itan	徒花异谭	徒花異譚	Adabana Itan	6
aden_(game)	亚电	亜電	Aden (game)	14
adventure_time	探险活宝	アドベンチャー・タイム	AdventureTime	2544
adventures_in_inferno	东方奇界泉	東方奇界泉	Adventures In Inferno	2
aesthetic_sense	审美眼	審美眼	Aesthetic Sense	1
aether_gazer	深空之眼	エーテルゲイザー	Aether Gazer	669
af_bunko	AF文库	AF文庫	Af Bunko	11
affinity_line	巡回列车	巡迴列車	Affinity Line	14
afk_arena	剑与远征	AFKアリーナ	AFK Arena	170
after_becoming_the_tyrant	成为暴君之后	成為暴君之後	After Becoming The Tyrant	1
after_school_lessons_for_unripe_apples	世纪末青苹果补习班	初恋補習班	After School Lessons For Unripe Apples	62
against_the_gods	逆天邪神	逆天邪神	Against The Gods	11
ai_kotoba_(vocaloid)	爱言叶	愛言葉	Ai Kotoba (vocaloid)	37
ai_kotoba_ii_(vocaloid)	爱言叶II	愛言葉II	Ai Kotoba II	24
ai_kotoba_iii_(vocaloid)	爱言叶III	愛言葉III	Ai Kotoba Iii (vocaloid)	67
ai_kotoba_iv_(vocaloid)	爱言叶IV	愛言葉IV	Ai Kotoba Iv (vocaloid)	44
ai_kotoba_v_(vocaloid)	爱言叶V	愛言葉V	Ai Kotoba V	16
ai_limit	无限机兵	無限機兵	AI-LIMIT	50
ai_think_so_(vocaloid)	爱_think_so,	愛_think_so,	AI Think So	2
ai_wana_hachi	爱罠蜂	愛罠蜂	Ai Wana Hachi	5
ai_zokusei_(vocaloid)	爱属性	愛属性	Ai Zokusei (Vocaloid)	15
aibiki_daigaku_seikatsu-hen	逢引大学生活编	逢引大学生活編	Aibiki Daigaku Seikatsu-hen	4
aibou_(tv_series)	相棒	相棒	Aibou	27
aibyou_sekai	爱病世界	愛病世界	Aibyou Sekai	15
aige_messiah	哀歌弥赛亚	哀歌弥賽亜	Aige Messiah	1
aikatsu!	偶像活动！	アイカツ!	Aikatsu!	6366
aikatsu!_(series)	偶像活动	アイカツ!	Aikatsu!	9018
aikatsu_stars!	偶像活动!STARS!	アイカツスターズ!	aikatsustars	1512
aiseki_shokudou	相席食堂	相席食堂	Aiseki Shokudou	1
aisetsubutsu_(utau)	爱泄物	愛泄物	Aisetsubutsu (Utau)	1
ajin_(sakurai_gamon)	亚人	亜人	Ajin (sakurai Gamon)	145
ajisai_soukei-zu	紫阳花双鸡图	紫陽花双鶏図	Ajisai Soukei-zu	1
ajisen_ramen	味千拉面	味千ラーメン	Ajisen Ramen	3
aka_(nekoneko_soft)	朱	朱-Aka-	Aka (nekoneko Soft)	15
akaboshi_ibun_suikoden	异闻水浒传	異聞水滸伝	Akaboshi Ibun Suikoden	2
akadou_suzunosuke	赤胴铃之助	赤胴鈴之助	Akadou Suzunosuke	3
akage_(vocaloid)	赤毛	赤毛	Akage (vocaloid)	46
akahitoha_(vocaloid)	红一叶	紅一葉	Akahitoha	9
akame_ga_kill!	斩！赤红之瞳	アカメが斬る!	Akame ga Kill!	1277
akane_gokoro	茜心	茜心	Akane Gokoro	13
akanebane	赤音羽	赤音羽	Akanebane	3
akashi_school_uniform_company	明石被服兴业	明石被服興業	Akashi School Uniform Company	5
akatsuki_no_amaneka_to_aoi_kyojin	发明工坊3苍之巨神	暁のアマネカと蒼い巨神	Akatsuki No Amaneka To Aoi Kyojin	37
akatsuki_records	晓Records	暁Records	Akatsuki Records	292
akb49_ren'ai_kinshi_jourei	AKB49〜恋爱禁止条例〜	AKB49〜恋愛禁止条例〜	AKB49	10
akiba_maid_sensou	秋叶原冥途战争	アキバ冥途戦争	Akiba Maid War	177
akiiro_ouka	秋色讴华	秋色謳華	Akiiro Ouka	13
akiiro_renka	秋色恋华	秋色恋華	Akiiro Renka	112
akucat_project	恶猫计划	悪猫計画	Akucat Project	6
akudaikan	恶代官	悪代官	Akudaikan	1
akuemon	恶右卫门	悪右衛門	Akuemon	2
akuyaku_reijou_koukyuu_monogatari	恶役令娘后宫物语	悪役令嬢後宮物語	Akuyaku Reijou Koukyuu Monogatari	3
akuyaku_reijou_tensei_ojisan	大叔转生恶役大小姐	悪役令嬢転生おじさん	Akuyaku Reijou Tensei Ojisan	131
albatross_koukairoku	信天翁航海录	信天翁航海録	Albatross Koukairoku	19
albireo_(game)	梦间集天鹅座	夢間集天鵝座	Albireo (game)	3
alchemy_stars	白夜极光	白夜極光	Alchemy Stars	2269
alice's_adventures_in_wonderland	爱丽丝梦游仙境	不思議の国のアリス	Alice's Adventures in Wonderland	5028
alice_in_reitouko_(vocaloid)	Alice_in_冷冻库	Alice_in_冷凍庫	Alice In Reitouko	10
alice_in_wonderland_(disney)	爱丽丝梦游仙境（迪士尼）	ふしぎの国のアリス(ディズニー)	Alice In Wonderland	224
alice_saga	勇者传	勇者伝	Alice Saga	1
alien_stage	异形舞台	異形舞台	ALIENSTAGE	15684
all_about_my_best_friend	好友的私生活	절친의_모든_것	All_About_My_Best_Friend	19
all_nippon_airways	全日本空输	全日本空輸	All Nippon Airways	72
all_quiet_on_the_western_front	西线无战事	西部戦線異状なし	All Quiet on the Western Front	6
all_saints_street	万圣街	万聖街	All Saints Street	337
allerleirauh	千匹皮	千匹皮	Allerleirauh	5
allfiring	火环	火環	Allfiring	1
alliance_of_valiant_arms	战地之王	戦地之王	Alliance of Valiant Arms	3
alternative_facts_in_eastern_utopia	东方文果真报	東方文果真報	Alternative Facts In Eastern Utopia	109
ama_mo_yo_(tuyu)	雨模样	雨模様	Ama Mo Yo (Tuyu)	4
ama_ten_(vocaloid)	「甘天」	「甘天」	Ama Ten	2
amado_mujeogbulpae	据说天下无敌	拠説天下無敵	Perhaps Invincible	1
amaetai_hi_wa_soba_ni_ite	我想待在你身边撒娇的日子	甘えたい日はそばにいて。	Amaetai Hi Wa Soba Ni Ite	32
amagi_brilliant_park	甘城光辉游乐园	甘城ブリリアントパーク	Amagi Brilliant Park	1964
amakano	甜蜜女友	アマカノ	Amakano	119
amakano_2	甜蜜女友2	アマカノ2	Amakano 2	426
amakano_3	甜蜜女友3	アマカノ3	Amakano 3	143
amakano_~second_season~	甜蜜女友_~Second_Season~	アマカノ~Second_Season~	Amakano ~second Season~	172
amanda_the_adventurer	爱冒险的阿曼达	愛冒険的阿曼達	Amanda the Adventurer	12
amatoridou	天鸟堂	天鳥堂	Amatoridou	1
amatsuki_mahjong	天月麻雀	天月麻雀	Amatsuki Mahjong	10
amazing_night	喜人奇妙夜	喜人奇妙夜	Amazing Night	8
ambience_synesthesia	音律联觉	音律聯覚	Ambience Synesthesia	4181
ame_koi	雨恋	雨恋	Ame Koi	6
ameiro_(love_live!)	饴色	飴色	Ameiro (love Live!)	9
american_dad!	美国老爹	アメリカン・ダッド	American Dad!	117
american_mcgee's_alice	爱丽丝梦游魔境	アリスインナイトメア	American Mcgee's Alice	512
american_psycho	美国精神病人	アメリカン・サイコ	American Psycho	168
among_us	太空狼人杀	アマングアス	Among Us	2073
amphibia	蛙！小安的奇妙大冒险	アンフィビア	Amphibia	817
ana's_farm	安娜的农场	安娜的農場	Ana's Farm	1
ananta	无限大	無限大	Project Mugen	71
anchor_panic	锚点降临	アンカーパニック	Anchor Panic	14
ancient_girl's_frame	斗神姬	闘神機 ジーズフレーム	Ancient Girl's Frame	6
andersen's_fairy_tales	安徒生童话	アンデルセン童話	Andersen's Fairy Tales	363
ane_dvd	姉DVD	姉DVD	Ane Dvd	5
ane_taiken_jogakuryou	姉体验女学寮	姉体験女学寮	Ane Taiken Jogakuryou	13
ane_taiken_shuukan	姉体验周间	姉体験週間	Ane Taiken Shuukan	28
anejiru	姉汁	姉汁	Anejiru	38
angel_beats!	天使的心跳	エンジェルビーツ!	Angel Beats!	6784
angel_chromosome_xx	使徒XX	使徒XX	Angel Chromosome XX	127
angel_club	ANGEL倶乐部	ANGEL倶楽部	Angel Club	43
angel_sanctuary	天使禁猎区	天使禁猟区	Angel Sanctuary	69
angelic_layer	天使领域	エンジェリックレイヤー	Angelic Layer	132
ani_ni_tsukeru_kusuri_wa_nai	快把我哥带走	兄に付ける薬はない!	How to Treat Sempai	6
animal_crossing	集合啦！动物森友会	あつまれどうぶつの森	Animal Crossing	6718
animal_farm	动物农场	動物農場	Animal Farm	5
animistic	万灵启源	万霊啓源	Animistic	18
anjou_shojun_(vocaloid)	安常处顺	安常処順	Anjou Shojun (vocaloid)	3
ankoku_shinwa	暗黑神话	暗黒神話	Ankoku Shinwa	2
anlian_ju_sheng_huainan	暗恋橘生淮南	暗恋橘生淮南	Anlian Ju Sheng Huainan	1
ano_hi_mita_hana_no_namae_wo_bokutachi_wa_mada_shiranai.	我们仍未知道那天所看见的花的名字	あの日見た花の名前を僕達はまだ知らない。	Ano Hi Mita Hana No Namae Wo Bokutachi Wa Mada Shiranai	2183
another_eden	另一个伊甸：超越时空的猫	アナザーエデン	Another Eden	743
another_world_(g-crazy)	穴座恶奴	穴座悪奴	Another World (g-crazy)	1
ansatsu_kyoushitsu	暗杀教室	暗殺教室	Ansatsu Kyoushitsu	893
antinomy_of_common_flowers	凭依华	東方憑依華	Antinomy of Common Flowers	381
ao_la_xing	奥拉星	奥拉星	Ao La Xing	21
ao_no_kiseki	碧之轨迹	碧の軌跡	Ao No Kiseki	1215
ao_oni	青鬼	青鬼	Ao Oni	119
aoharu_tetsudou	青春铁道	青春鉄道	Aoharu Tetsudou	2
aoharu_x_kikanjuu	青春×机关铳	青春×機関銃	Aoharu X Kikanjuu	4
aoi_ch.	富士葵	富士葵	Aoi Ch.	163
aoiro_enogu_(vocaloid)	青色绘具	青色絵具	Aoiro Enogu (vocaloid)	1
aoki_hagane_no_arpeggio	苍蓝钢铁的琶音	蒼き鋼のアルペジオ	Arpeggio of Blue Steel	1923
aokishi_(kadokawa)	青骑士	青騎士	Aokishi (kadokawa)	7
aotu_world	凹凸世界	凹凸世界	AOTU World	1955
aozora_jumping_heart	青空Jumping Heart	青空Jumping Heart	Aozora Jumping Heart	136
aozora_shoujotai	青空少女队	青空少女隊	801 T.T.S. Airbats	28
apex_girls	热战少女	熱戦少女	Apex Girls	2
apex_legends	Apex英雄	エーペックスレジェンズ	Apex Legends	7361
apollo_justice:_ace_attorney	逆转裁判4	逆転裁判4	Apollo Justice: Ace Attorney	1189
appare-ranman!	天晴烂漫！	天晴爛漫!	Appare-Ranman!	36
apple_inc.	苹果公司		Apple Inc.	1191
arabian_nights	一千零一夜	千夜一夜物語	Arabian Nights	41
arahito_gishin	现人拟神	現人擬神	Arahito Gishin	14
arakawa_under_the_bridge	荒川爆笑团	荒川アンダーザブリッジ	Arakawa Under the Bridge	229
aramitama	荒御灵	荒御霊	Aramitama	8
arc_the_lad	阿克传说	アークザラッド	Arc The Lad	1007
arcaea	韵律源点	アーケア	Arcaea	2253
arcana_famiglia	魔力家族	アルカナ・ファミリア	Arcana Famiglia	45
arcane:_league_of_legends	双城之战	アーケイン	Arcane	3642
are_you_ok	有药	有薬	Are You Ok	1
area-zero	领域ZERO	領域ZERO	Area ZERO	1
arena_breakout	暗区突围	アリーナブレイクアウト	Arena Breakout	31
arena_of_valor	传说对决	伝説対決	Arena Of Valor	151
aria_(manga)	水星领航员	アリア	Aria	2849
ariel_(novel)	ARIEL(小说)	ARIEL(小説)	Ariel	66
arifureta_shokugyou_de_sekai_saikyou	平凡职业成就世界最强	ありふれた職業で世界最強	Arifureta: From Common Job Class to the Strongest in the World	278
ark_order	方舟指令	アークオーダー	Ark Order	1416
ark_re:code	星陨计划	アークレコード	Ark Re:Code	72
arknights	明日方舟	アークナイツ	Arknights	228558
arknights:_endfield	明日方舟：终末地	アークナイツ:エンドフィールド	Arknights:Endfield	17286
armor_blitz	装甲闪电战	アーマーブリッツ	Armor Blitz	10
armor_hero_(series)	铠甲勇士	铠甲勇士	Armor Hero Series	1
armored_cavalry:_metalline	装甲战线	装甲戦線	Armored Cavalry: Metalline	5
armored_core	装甲核心	アーマード・コア	Armored Core	1839
armored_core_vi:_fires_of_rubicon	装甲核心6:境界天火	アーマードコアVI	Armored Core VI	1120
arrival_(movie)	异星入境	メッセージ(2016)	Arrival (movie)	4
artery_gear	机动战姬	機動戦姫	Artery Gear	284
artery_gear:_fusion	机动战姬：聚变	アーテリーギア	Artery Gear: Fusion	249
arthurian_legend	亚瑟王传说	アーサー王伝説	Arthurian Legend	91
artificial_utopia_in_ruins	灵长新益京	霊長新益京	Artificial Utopia In Ruins	56
aru_sekai_shoushitsu_(vocaloid)	或世界消失	或世界消失	Aru Sekai Shoushitsu	2
asa-chang_&_junray	ASA-CHANG&巡礼	ASA-CHANG&巡礼	Asa-chang & Junray	1
asahi_shinbun	朝日新闻	朝日新聞	Asahi Shinbun	2
asame_shinbun	朝目新闻	朝目新聞	Asame Shinbun	33
ash_arms	灰烬战线	アッシュアームズ	Ash Arms	607
ash_echoes	白荆回廊	アッシュエコーズ-白荊回廊-	Ash Echoes	50
ash_tale-kaze_no_tairiku-	风之大陆	AshTale-風の大陸-	Ash Tale-Kaze No Tairiku-	5
ashes_of_love	香蜜沉沉烬如霜	霜花の姫~香蜜が咲かせし愛~	Ashes of Love	2
ashiya_yon_shimai_monogatari	芦屋四姉妹物语	芦屋四姉妹物語	Ashiya Yon Shimai Monogatari	3
aspida_story	浮岛物语	浮島物語	Aspida Story	5
assassin's_creed_(series)	刺客信条	アサシンクリード	Assassin's Creed	1399
assault_lily	突击莉莉	アサルトリリィ	Assault Lily	13166
astelight_jourantan	星继驿扰乱谭	星継駅擾乱譚	Astelight Jourantan	2
astlibra_revision	神之天平	神之天平	ASTLIBRA	54
astrae_oratio	阿索拉：星之祈愿	アストラエ・オラティオ	AstraeOratio	328
astral_party	星引擎 Party	アストラルパーティー	Astral Party	334
astral_realm	星界神话	星界神話	Astral Realm	13
astro_note	星际庄的恋爱日记	アストロノオト	Astro Note	12
asus	华硕	華碩	ASUS	63
atarayo_hanabi	可惜夜花火	可惜夜花火	Atarayo Hanabi	63
atelier_(series)	莱莎的炼金工房（系列）	アトリエシリーズ	Atelier	10904
atelier_ayesha	爱夏的炼金工房	アーシャのアトリエ	Atelier Ayesha	327
atelier_meruru	梅露露的炼金工房	メルルのアトリエ	Atelier Meruru	534
atelier_ryza	莱莎的炼金工房	ライザのアトリエ	Atelier Ryza	5172
atelier_ryza_1	莱莎的炼金工房 常暗女王与秘密藏身处	ライザのアトリエ 常暗の女王と秘密の隠れ家	Atelier Ryza: The Queen of Eternal Darkness and the Secret Hideout	2964
atelier_ryza_2	莱莎的炼金工房2:失落的传说与秘密妖精	ライザのアトリエ2	Atelier Ryza 2	1110
atelier_ryza_3	莱莎的炼金工房3:终结之炼金术士与秘密钥匙	ライザのアトリエ3 終わりの錬金術士と秘密の鍵	Atelier Ryza 3	672
atelier_yumia	优米雅的炼金工房：追忆之炼金术士与幻创之地	ユミアのアトリエ	Atelier Yumia	484
aura_kingdom	幻想神域	幻想神域	Aura Kingdom	67
auroralivevr	极光社	極光社	Auroralivevr	21
avatar:_the_last_airbender	降世神通：最后的气宗	アバター伝説の少年アン	Avatar: The Last Airbender	2050
avatar_legends	降世神通	降世神通	Avatar Legends	4243
avengers_(series)	复仇者联盟	アベンジャーズ	Avengers (series)	2305
awajima_hyakkei	淡岛百景	淡島百景	Awajima Hyakkei	3
axis_powers_hetalia	黑塔利亚	ヘタリア	Hetalia	10409
ayakashi:_japanese_classic_horror	怪~ayakashi~	怪~ayakashi~	Ayakashi: Japanese Classic Horror	14
ayakashi_banashi	妖话	妖話	Ayakashi Banashi	17
ayakashi_no_maki	妖卷	妖巻	Ayakashi No Maki	3
ayako_(manga)	奇子	奇子	Ayako	7
ayame-mura_kitan	文目村奇谭	文目村奇譚	Ayame-mura Kitan	10
ayanami_raising_project	绫波育成计划	綾波育成計画	Ayanami Raising Project	29
azitamateishoku	味玉定食	味玉定食	AZITAMATEISHOKU	2
azumanga_daioh	笑园漫画大王	あずまんが大王	Azumanga Daioh	3437
azur_lane	碧蓝航线	アズールレーン	Azur Lane	157020
azur_lane:_slow_ahead	碧蓝航线：微速前进！	びそくぜんしんっ!	Azur Lane: Slow Ahead	1414
azur_promilia	蓝色星原旅谣	アズールプロミリア	Azur Promilia	153
b-daman_bakugaiden	爆外传	爆外伝	B-daman Bakugaiden	17
b-gata_h-kei	B型H系	B型H系	B-gata H-kei	30
b-robo_kabutack	铁甲小宝	ビーロボカブタック	B-Robo Kabutack	13
ba_jian_shi_wan_ci_hou_wo_wudile	拔剑十万次后我无敌了	抜剣十万次後我無敵了	Ba Jian Shi Wan Ci Hou Wo Wudile	1
back_to_the_future	回到未来	バック・トゥ・ザ・フューチャー	Back to the Future	258
backdoorth	背户	背戸	Backdoorth	1
backrooms_(2026_movie)	后室（电影）	後室(電影)	Backrooms (2026 Movie)	105
backrooms_(creepypasta)	后室	後室	The Backrooms	781
bad_taste_(synthesizer_v)	恶趣味	悪趣味	Bad Taste (synthesizer V)	2
bahamut_dianwan_zixun_zhan	巴哈	巴哈姆特電玩資訊站	Bahamut Dianwan Zixun Zhan	7
bai_yang_(lin_qian)	白羊	白羊	Bai Yang (lin Qian)	1
bai_ye_zhui_xiong	白夜追凶	白夜追兇	Bai Ye Zhui Xiong	1
bai_zhe_zhi_ming	白泽之名	白沢之名	Bai Zhe Zhi Ming	2
baishe:_yuanqi	白蛇：缘起	白蛇:縁起	Baishe: Yuanqi	11
baka_to_test_to_shoukanjuu	笨蛋测验召唤兽	バカとテストと召喚獣	Baka To Test To Shoukanjuu	889
bakegyamon	妖逆门	妖逆門	Bakegyamon	13
bakemonogatari	化物语	化物語	Bakemonogatari	8466
baku_(cevio)	缚	縛	Baku (cevio)	2
bakuage_sentai_boonboomger	爆上战队奔奔者	爆上戦隊ブンブンジャー	Bakuage Sentai Boonboomger	92
bakugan	爆丸	爆丸	Bakugan	175
bakumatsu_rock	幕末Rock	幕末Rock	Bakumatsu Rock	12
bakumatsu_shishi_channel	幕末志士	幕末志士	Bakumatsu Shishi Channel	35
bakunyuu_inran_katei_kyoushi	爆乳淫乱家庭教师	爆乳淫乱家庭教師	Bakunyuu Inran Katei Kyoushi	3
bakuretsu_tenshi	爆裂天使	爆裂天使	Bakuretsu Tenshi	156
bakushou!!_jinsei_gekijou	爆笑！！人生剧场	爆笑!!人生劇場	Bakushou!! Jinsei Gekijou	3
bakushou_(song)	爆笑	爆笑(syudou)	Bakushou	17
balala_the_fairies	巴啦啦小魔仙	巴啦啦小魔仙	Balala The Fairies	48
baldur's_gate	博德之门	バルダーズ・ゲート	Baldur's Gate	3838
baldur's_gate_3	博德之门3	バルダーズ・ゲート3	Baldur's Gate 3	3798
banchou_gakuen!!	番长学园！！	番長学園!!	Banchou Gakuen!!	1
bang_dream!_girls_band_party!	BanG Dream!少女乐团派对！	バンドリ!_ガールズバンドパーティ!	Bang Dream! Girls Band Party!	14864
bang_dream!_it's_mygo!!!!!	迷途之子！！！！！	バンドリアニメMyGO	BanG_Dream!_It's_MyGO!!!!!	39675
bang_dream!_yumemita	梦限大	夢限大みゅーたいぷ	Bang Dream! Yumemita	953
bangtan_boys	防弹少年团	防弾少年団	BTS	93
banner_of_the_maid	圣女战旗	聖女戦旗	banner of the maid	46
bannou_bunka_nekomusume	万能文化猫娘	万能文化猫娘	Bannou Bunka Nekomusume	61
banquet_of_vesta	维斯塔的餐桌	維斯塔的餐桌	Banquet Of Vesta	5
bans	BANs感想	BANs感想	Bans	100
bansanka	晚餐歌	晩餐歌	Bansanka	4
banshiryuu	幡紫龙	ばんしりゅう	Banshiryuu	41
baoh_raihousha	巴欧来访者	バオー来訪者	Baoh Raihousha	35
baowei_meigui	保卫玫瑰	薔薇守護者	Baowei Meigui	1
bara_to_tsubaki	蔷薇与椿	薔薇と椿	Bara To Tsubaki	46
barbie:_princess_charm_school	芭比之公主学院	バービーのプリンセスの学園	barbieprincesscharmschool	11
barotrauma	潜渊症	潜淵症	Barotrauma	4
bashamichi	马车道	馬車道	Bashamichi	154
batman_(series)	蝙蝠侠	バットマン	BATMAN	6093
battle_angel_alita	铳梦	銃夢	Battle Angel Alita	329
battle_angel_alita:_last_order	铳梦LastOrder	銃夢LastOrder	Battle Angel Alita: Last Order	33
battle_angel_alita:_mars_chronicle	铳梦火星战记	銃夢火星戦記	Battle Angel Alita: Mars Chronicle	10
battle_of_britain_(movie)	空军大战略	空軍大戦略	Battle Of Britain (movie)	2
battle_tendency	战斗潮流	戦闘潮流	Battle Tendency	9943
battleborn	为战而生	バトルボーン	Battleborn	32
battleship_girl	钢铁少女	鋼鉄少女	Battleship Girl	85
bayonetta_(series)	猎天使魔女	ベヨネッタ	Bayonetta	2071
bbc_(broadcaster)	英国放送协会	英国放送協会	Bbc (broadcaster)	19
bcy	半次元	半次元	Bcy	82
becoming_a_god_in_the_zerg_world_by_livestreaming_bl_novels	直播写纯爱文的我在虫族封神	直播写純愛文的我在虫族封神	Becoming A God In The Zerg World By Livestreaming Bl Novels	52
beelzebub-jou_no_okinimesu_mama.	只要贝尓哲大小姐喜欢就好	ベルゼブブ嬢のお気に召すまま。	As Long As Beelzebub Likes It	42
beloved_enemy	针锋对决	針鋒対決	Summit Dueling	2
ben_10	少年骇客	ベン10	Ben 10	1466
beniiro_tenjou_enyou_kitan	红色天井艶妖绮谭	紅色天井艶妖綺譚	Beniiro Tenjou Enyou Kitan	1
berserk	剑风传奇	ベルセルク	Berserk	2838
better_call_saul	风骚律师	ベター・コール・ソウル	Better Call Saul	177
beyond_the_world	世界之外	世界之外	Beyond The World	3
bible_bullet	神代梦华谭	神代夢華譚	Bible Bullet	45
big_city_greens	格林一家进城记	格林一家進城記	Big City Greens	5
big_firebird_toys	大火鸟玩具	大火鳥玩具	Big Firebird Toys	7
bikyaku_seido_kaichou_ai	美脚性奴会长_亚衣	美脚性奴会長_亜衣	Bikyaku Seido Kaichou Ai	15
bilibili	哔哩哔哩	ビリビリ動画	Bilibili	734
binan_koukou_chikyuu_bouei-bu_happy_kiss!	美男高校地球防卫部HAPPYKISS!	美男高校地球防衛部HAPPYKISS!	Binan Koukou Chikyuu Bouei-bu Happy Kiss!	4
binan_koukou_chikyuu_bouei-bu_love!	美男高校地球防卫部LOVE!	美男高校地球防衛部LOVE!	Binan Koukou Chikyuu Bouei-bu Love!	107
binbou_shimai_monogatari	贫乏姉妹物语	貧乏姉妹物語	Binbou Shimai Monogatari	22
binetsu_kuukan	微热空间	微熱空間	Binetsu Kuukan	36
binzume_yousei	瓶诘妖精	瓶詰妖精	Binzume Yousei	83
bird/binary	异鸟代码	異鳥代碼	Bird/Binary	238
bishoujo_(game)	微少女	微少女	Bishoujo (game)	260
bishoujo_mangekyou_(series)	美少女万华镜	美少女万華鏡	Bishoujo Mangekyou	661
bishoujo_mangekyou_ibun:_yuki_onna	美少女万华镜异闻	美少女万華鏡異聞雪おんな	Bishoujo Mangekyou Ibun: Yuki Onna	161
bishoujo_senshi_sailor_moon	美少女战士	美少女戦士セーラームーン	Sailor Moon	19480
bishoujo_senshi_sailor_moon_r	美少女战士R	美少女戦士セーラームーンR	Bishoujo Senshi Sailor Moon R	1055
bishoujo_senshi_sailor_moon_s	美少女战士S	美少女戦士セーラームーンスーパー	Bishoujo Senshi Sailor Moon S	2358
bishoujo_terror	HORROR美少女	HORROR美少女	Bishoujo Terror	112
bitter_choco_decoration_(vocaloid)	苦巧克力装饰	ビターチョコデコレーション	Bitter Choco Decoration	52
black_beacon	黑色信标	黑色信标	Black Beacon	144
black_cat_strange_society	黑猫奇闻社	黒猫奇聞社	Black Cat Strange Society	3
black_clover	黑色五叶草	ブラッククローバー	Black Clover	2050
black_lagoon	黑礁	ブラックラグーン	Black Lagoon	2388
black_myth:_wukong	黑神话：悟空	黒神話:悟空	Black Myth: Wukong	137
black_rock_shooter	黑岩射手	ブラック★ロックシューター	Black★Rock Shooter	6654
black_saint	黑瞳圣女	黑瞳圣女	Saintess	6
black_star_-theater_starless-	黑星剧场	ブラックスターTheaterStarless	Black Star -Theater Starless-	28
black_surge_night	深海战线	ブラック・サージナイト	Black Surge Night	359
black_survival	黑色幸存者	ブラックサバイバル	Black Survival	4181
blade_&_soul	剑灵	ブレイドアンドソウル	Blade & Soul	1161
blazblue	苍翼默示录	ブレイブルー	BlazBlue	12391
bleach	死神	死神	BLEACH	21595
bleach:_sennen_kessen-hen	千年血战篇	千年血戦篇	Bleach: Thousand Year Blood War	4568
blend_s	调教咖啡厅	ブレンド・S	Blend S	1449
bloodborne	血源诅咒	ブラッドボーン	Bloodborne	4113
bloodline	血族BLOODLINE	血族BLOODLINE	BLOODLINE	134
blue_archive	碧蓝档案	ブルーアーカイブ	Blue Archive	451488
blue_archive_the_animation	蔚蓝档案THE ANIMATION	ブルーアーカイブ THE ANIMATION	Blue Archive The Animation	1188
blue_blood_lagoon	她和他和她的澎湖湾	彼女と僕と彼女の澎湖湾	Blue Blood Lagoon	4
blue_devil_in_the_belvedere.	东方栖霞园	東方棲霞園	Blue Devil In The Belvedere.	1
blue_lock	蓝色监狱	ブルーロック	Blue Lock	3036
blue_oath	苍蓝誓约	蒼藍の誓い	Blue Oath	519
blue_reflection_ray	BLUE_REFLECTION_澪	BLUE_REFLECTION_澪	Blue Reflection Ray	40
blue_reflection_sun	BLUE_REFLECTION_灿	BLUE_REFLECTION_燦	Blue Reflection Sun	263
blue_reflection_tie	BLUE_REFLECTION_帝	BLUE_REFLECTION_帝	Blue Reflection Tie	88
bluebeard_(fairy_tale)	青髭	青髭	Bluebeard	1
bluey	布鲁伊	ブルーイ	Bluey	149
bocchi_the_rock!	孤独摇滚！	ぼっち・ざ・ろっく!	Bocchi The Rock!	31717
bohemian_archive_in_japanese_red	东方文花帖	東方文花帖	Bohemian Archive in Japanese Red	14
boku_boku_sensei	仆仆先生	僕僕先生	Boku Boku Sensei	5
boku_dake_ga_inai_machi	只有我不存在的城市	僕だけがいない街	Boku Dake Ga Inai Machi	483
boku_no_hero_academia	我的英雄学院	僕のヒーローアカデミア	My Hero Academia	44202
boku_wa_tomodachi_ga_sukunai	我的朋友很少	僕は友達が少ない	Boku wa Tomodachi ga Sukunai	3721
bokujou_monogatari	牧场物语	牧場物語	Bokujou Monogatari	552
bokujou_monogatari_2	牧场物语2	牧場物語2	Bokujou Monogatari 2	23
bokujou_monogatari_3:_heart_ni_hi_wo_tsukete	牧场物语3	牧場物語3	Bokujou Monogatari 3: Heart Ni Hi Wo Tsukete	7
bokusatsu_tenshi_dokuro-chan	扑杀天使	撲殺天使ドクロちゃん	Bokusatsu Tenshi Dokuro-chan	416
bombergirl	炸弹少女	ボンバーガール	Bombergirl	1875
bongu_(voisona)	凡愚	凡愚	Bongu	3
bonnou_saiyuuki	烦恼☆西游记	煩悩☆西遊記	Bonnou Saiyuuki	4
book_of_genesis	创世记	創世記	Book Of Genesis	87
book_of_star_mythology	东方魔宝城	東方魔宝城	Book of Star Mythology	40
book_of_yog	依盖之书	依蓋之書	Book Of Yog	78
boonie_bears	熊出没	熊出没	Boonie Bears	1
border_break	边境保卫战	ボーダーブレイク	Border Break	232
boruto:_naruto_next_generations	博人传		Boruto: Naruto Next Generations	3493
boruto_(series)	博人传			4261
botsuraku_yotei_no_kizoku_dakedo_hima_datta_kara_mahou_o_kiwamete_mita	没落贵族	没落予定の貴族だけど、暇だったから魔法を極めてみた	Botsuraku Yotei No Kizoku Dakedo Hima Datta Kara Mahou O Kiwamete Mita	6
bougyaku_gakuen	暴虐学园	暴虐学園	Bougyaku Gakuen	1
boukyaku_seijo	忘却圣女	忘却聖女	Boukyaku Seijo	7
bouquet_for_the_dead	东方天棺嶋	東方天棺嶋	Bouquet For The Dead	3
bouryoku_banzai	暴力万岁	暴力万歳	Bouryoku Banzai	33
boushi_sekai_a_little_world	帽子世界	新約・帽子世界	Boushi Sekai A Little World	7
brave_fencer_musashiden	勇敢的剑士武藏传	ブレイヴフェンサー武蔵伝	Brave Fencer Musashiden	90
breaking_bad	绝命毒师	ブレイキング・バッド	Breaking Bad	626
breath_of_fire	火焰之息	ブレスオブファイア	Breath of Fire	2828
brilliant_pagoda_or_haze_castle	联缘天影战记	連縁天影戦記	Brilliant Pagoda Or Haze Castle	100
brown_dust	棕色尘埃	ブラウンダスト	Brave Nine	177
brown_dust_(series)	棕色尘埃（系列）	棕色塵埃(系列)	Brown Dust	2738
brown_dust_2	棕色尘埃2	ブラウンダスト2	Brown Dust 2	2647
bubble_bath_babes	魔术泡泡	魔術泡泡	Bubble Bath Babes	1
buddha_saitan	佛陀再诞	仏陀再誕	Buddha Saitan	4
buka_manhua	布卡漫画	布卡漫画	Buka Manhua	1
bungaku_shoujo	“文学少女”	“文学少女”シリーズ	Bungaku Shoujo	80
bungou_stray_dogs	文豪野犬	文豪ストレイドッグス	Bungou Stray Dogs	1965
bunmei_kaika_aoiza_ibunroku	文明开华葵座异闻录	文明開華葵座異聞録	Bunmei Kaika Aoiza Ibunroku	2
buraiden_gai	无赖传涯	無頼伝涯	Buraiden Gai	90
burger_king	汉堡王	バーガーキング	Burger King	256
buried_stars	深埋之星	ベリード・スターズ	Buried Stars	103
buriki_one	武力ONE	武力ONE	Buriki One	35
burn_(movie)	炎上	炎上	Burn	2
burst_witch	爆裂魔女	爆裂魔女	Burst Witch	9
bushi_seiryuuden:_futari_no_yuusha	BUSHI青龙传	BUSHI青龍伝〜二人の勇者〜	Bushi Seiryuuden: Futari No Yuusha	3
bushin_renkei_zero	武神联携ZERO	武神連携ZERO	Bushin Renkei Zero	21
busitama	武士的魂	武士的魂	Busitama	1
busou_kanojo	武装彼女	武装彼女	Armed Girlfriend	63
busou_renkin	武装炼金	武装錬金	Busou Renkin	289
busou_shinki	武装神姬	武装神姫	Busou Shinki	1218
butai_touken_ranbu	舞台刀剑乱舞	舞台刀剣乱舞	Butai Touken Ranbu	6
butaotome	豚乙女	豚乙女	Solo Buta-R	53
butcher_vanity_(synthesizer_v)	虚荣屠夫	ブチャーバニティー	BUTCHERVANITY	175
byoushin_(song)	秒针	秒針	Byoushin (song)	5
c2_kikan	C2机关	C2機関	C2 Kikan	200
c_(control)	金钱掌控	C(アニメ)	Control	354
c_danshi	C团地	C団地	Housing Complex C	2
cabbage_soft	卷心菜社	きゃべつそふと	Cabbage Soft	44
cage_in_lunatic_runagate	东方儚月抄	東方儚月抄	Cage In Lunatic Runagate	36
cajiva's_gadget_shop	梶迫小道具店	梶迫小道具店	Cajiva's_Gadget_Shop	3
cakegirl_(synthesizer_v)	蛋糕女孩	蛋糕女孩	cakegirl	1
call_of_cthulhu	克苏鲁的呼唤	クトゥルフの呼び声	Call of Cthulhu	989
call_of_duty	使命召唤	コールオブデューティ	Call of Duty	2382
call_of_duty:_mobile	使命召唤手游	コールオブデューティモバイル	Call of Duty: Mobile	68
call_of_duty:_modern_warfare_2	使命召唤：现代战争2	コールオブデューティモダン・ウォーフェア2	Call Of Duty: Modern Warfare 2	1845
call_up_girls	呼唤少女	呼喚少女	Call Up Girls	44
callsign:_cedar	呼号：雪松	呼号:雪松	Callsign: Cedar	122
can_ci_pin	残次品	残次品	Can Ci Pin	1
can_i_replay_a_missed_summer?	错过的暑假可以放第二次吗	錯過的暑仮可以放第二次嗎	Can I Replay A Missed Summer?	9
cang_miao_shan_yi_hua	沧渺山轶话	滄渺山軼話	Cang Miao Shan Yi Hua	3
cang_yuan_tu	沧元图	滄元図	Cang Yuan Tu	1
capcom	卡普空	カプコン	Capcom	1488
cardcaptor_sakura	魔卡少女樱	カードキャプターさくら	Cardcaptor Sakura	11068
cardcaptor_sakura:_memory_key	魔卡少女樱：回忆钥匙	カードキャプターさくら:思い出の鍵	Cardcaptor Sakura: Memory Key	116
cardfight!!_vanguard	卡片战斗先导者	カードファイト!! ヴァンガード	Cardfight!! Vanguard	1670
cartoon_network	卡通频道	カートゥーンネットワーク	Cartoon Network	178
case266	CASE266~266号事件~	CASE266~266号事件~	Case266	1
castlevania_(series)	恶魔城	悪魔城ドラキュラ	Castlevania (series)	2405
castlevania_iii:_dracula's_curse	恶魔城传说	悪魔城伝説	Castlevania Iii: Dracula's Curse	48
casualties:_unknown	未知伤亡	未知傷亡	Casualties: Unknown	3
cat_fantasy	猫之城	キャットファンタジー	Cat Fantasy	40
catbox_reverse	猫箱反转	猫箱反転	Catbox Reverse	1
catulus_syndrome	猫娘症候群	猫娘症候群	Catulus Syndrome	32
cave_story	洞窟物语	洞窟物語	Cave Story	657
ccg_expo	中国国际动漫游戏博览会	中国国際動漫遊戯博覧会	CCG EXPO	27
celestial_(vtuber)	瑟拉斯蒂欧	瑟拉斯蒂欧	Celestial (vtuber)	8
cell_(card_game)	生物学TCG『CELL』	生物学TCG『CELL』	Cell (card Game)	12
chainsaw_man	电锯人	チェンソーマン	Chainsaw Man	45863
champaign_of_unfinished_dreams	东方莳梦原	東方蒔夢原	Champaign Of Unfinished Dreams	11
changeability_of_strange_dream	梦违科学世纪	夢違科学世紀	Changeability Of Strange Dream	85
changed	兽屋之龙	獣屋之竜	Changed	40
changge_xing	长歌行	長歌行	The Long Ballad	3
chaos_hunt:_seele	混沌狩猎：魂之座	混沌狩猟:魂之座	Chaos Hunt: Seele	3
chaos_zero_nightmare	卡厄思梦境	カオスゼロナイトメア	ChaosZeroNightmare	909
char's_counterattack	机动战士高达：逆袭的夏亚	機動戦士ガンダム逆襲のシャア	Char's Counterattack	2043
charlie_ix_&_dodomo	查理九世	査理九世	Charlie IX & Dodomo	3
charlotte_(anime)	夏洛特	Charlotte(アニメ)	Charlotte	1096
cheese_in_the_trap	奶酪陷阱	チーズ・イン・ザ・トラップ	Cheese in the Trap	7
chen_yue_zhi_yao	沉月之钥	沉月之鑰	Chen Yue Zhi Yao	1
chi.:_chikyuu_no_undou_ni_tsuite	关于地球的运动	チ。-地球の運動について-	Chi.: Chikyuu No Undou Ni Tsuite	877
chi_bi_(red_cliff)	赤壁	レッドクリフ	Chi Bi (red Cliff)	3
chicago_bulls	芝加哥公牛	シカゴ・ブルズ	Chicago Bulls	49
chiccha_na_watashi_(synthesizer_v)	小小的我	ちっちゃな私	Chiccha Na Watashi	123
chijoku_shinsatsushitsu	耻辱诊察室	恥辱診察室	Chijoku Shinsatsushitsu	4
chika_ni_umaru_kyouka_to_ao_denwa_(synthesizer_v)	地下埋藏的桥架与青电话	地下に埋まる橋架とあおでんわ	Chika Ni Umaru Kyouka To Ao Denwa (synthesizer V)	6
chikan_otoko	痴汉男	痴漢男	Chikan Otoko	2
chikan_saresou_ni_natteiru_s-kyuu_bishoujo_wo_tasuketara_tonari_no_seki_no_osananajimi_datta	S级幼驯染	痴漢されそうになっているS級美少女を助けたら隣の席の幼馴染だった	Chikan Saresou Ni Natteiru S-kyuu Bishoujo Wo Tasuketara Tonari No Seki No Osananajimi Datta	54
chikan_sen'you_sharyou	痴汉专用车辆	痴漢専用車両	Chikan Sen'you Sharyou	26
chikarataro	力太郎	力太郎	Chikarataro	1
chikyuu_bouei_kazoku	地球防卫家族	地球防衛家族	Chikyuu Bouei Kazoku	13
chikyuugai_shounen_shoujo	地球外少年少女	地球外少年少女	The Orbital Children	32
children_of_mana	圣剑传说DS	聖剣伝説DS	Children of Mana	12
children_of_the_rune	符文之子	ルーンの子供たち	Children Of The Rune	41
chill_with_you:_lo-fi_story	放松时光插画征集大赛	チルユー	Chill With You: Lo Fi Story	12
china_post	中国邮政	中国郵政	China Post	2
china_railway_girl	天朝铁道少女	中華鉄道少女	China Railway Girl	36
chinchikurin_(masuda_wakako)	增田村	増田村	Chinchikurin (masuda Wakako)	4
chinese_mythology	中国神话	中国神話	Chinese Mythology	132
ching_nu_yu_hun	倩女幽魂	倩女幽魂	Ching Nu Yu Hun	28
ching_nu_yu_hun_2	倩女幽魂2	倩女幽魂2	Ching Nu Yu Hun 2	24
chinyuki	珍游记	珍遊記	Chinyuki	5
cho-shibuya_project	超涩谷计划	超渋谷計画	Cho-Shibuya Project	1
cho_aniki	超兄贵	超兄貴	Cho Aniki	36
cho_kaguya-hime!	超时空辉夜姬	超かぐや姫!	Cosmic_Princess_Kaguya!	13239
chobits	人形电脑天使心	ちょびっツ	Chobits	804
chong_shengzhang_gongchu_de_richang	重生长公主的日常	重生長公主的日常	Chong Shengzhang Gongchu De Richang	1
chou_eshi_ten_~if_no_gakkyoku_sekai_ten~	超绘师展	超絵師展	Chou Eshi Ten ~If No Gakkyoku Sekai Ten~	40
chou_makaimura	超魔界村	超魔界村	Chou Makaimura	3
chou_no_doku_hana_no_kusari	蝶之毒华之锁	蝶の毒華の鎖	Chou No Doku Hana No Kusari	4
chou_uchuu_keiji_gavan_infinity	超次元英雄谭	超宇宙刑事ギャバンインフィニティ	Hyperspace Sheriff Gavan Infinity	82
choubatsu_yobikou_zenryousei	惩罚予备校全凌制	懲罰予備校全凌制	Choubatsu Yobikou Zenryousei	3
choudokyuu_shoujo_4946	超弩级少女4946	超弩級少女4946	Choudokyuu Shoujo 4946	6
choujigen_gakuin	超次元学院	超次元学院	Choujigen Gakuin	1
choujigen_game_neptune	超次元游戏海王星	超次元ゲイムネプテューヌ	Choujigen Game Neptune	1734
choujikuu_kidan_southern_cross	超时空骑团	超時空騎団サザンクロス	Choujikuu Kidan Southern Cross	71
choujikuu_yousai_macross	超时空要塞	超時空要塞マクロス	Choujikuu Yousai Macross	1071
choujin_gakuen:_konton_mouryou_seishun_jihen	超人学园～混沌魍魉青春事变～	超人学園～混沌魍魎青春事変～	Choujin Gakuen: Konton Mouryou Seishun Jihen	2
choujin_x	超人X	超人X	Choujin X	334
choujun!_choujou_senpai	超巡！超条先辈	超巡!超条先輩	Choujun! Choujou Senpai	46
choujuu_giga	鸟兽戏画	鳥獣戯画	Choujuu Giga	20
choukou_taisen_escalation_heroines	超昂大战	超昂大戦	Choukou Taisen Escalation Heroines	1035
choukyou_shidou_nisshi_~gakuen_touseiroku~	超狂指导日志~学园统制录~	超狂指導日誌~学園統制録~	Choukyou Shidou Nisshi ~gakuen Touseiroku~	4
choushoujo_asuka	超少女明日香	超少女明日香	Super Girl Asuka	2
choushujinnkou_(vocaloid)	超主人公	超主人公	Super Superhero	14
christmas_tina	泡沫冬景	泡沫冬景	Christmas Tina	3
chronicle_of_immortals	红尘问仙	紅塵問仙	Chronicle Of Immortals	4
chronicle_of_myers	迈尔斯编年史	クロニクル・オフ・マイヤーズ	ChronicleofMyers	61
chrono_trigger	时空之轮	クロノ・トリガー	Chrono Trigger	1683
chronos_gate	时空之门	時空之門	Chronos Gate	8
chui_er_zhi_shi	垂耳执事	垂耳執事	Chui Er Zhi Shi	1
chuka_taisen	中华大仙	中華大仙	Cloud Master	2
chunghwa_telecom	中华电信	中華電信	Chunghwa Telecom	2
chungking_express	重庆森林	重慶森林	Chungking Express	2
chuokyousyoujo	调教少女	調教少女	Chuokyousyoujo	15
chuugakusei_kanoke	中学生棺桶	中学生棺桶	Chuugakusei Kanoke	14
chuugoku_yome_nikki	中国嫁日记	中国嫁日記	Chuugoku Yome Nikki	441
chuuka_ichiban!	中华一番！	中華一番!	Cooking Master Boy	51
chuunibyou_demo_koi_ga_shitai!	中二病也要谈恋爱	中二病でも恋がしたい!	Chuunibyou Demo Koi Ga Shitai!	3888
chuushingura_46+1	忠臣藏46+1	忠臣蔵46+1	Chuushingura 46+1	6
cinderella_girls_gekijou	灰姑娘女孩剧场	シンデレラガールズ劇場	Cinderella Girls Gekijou	2441
circle_of_inevitability	宿命之环	宿命之環	Circle of Inevitability	144
citrus_(saburouta)	橘香	シトラス	Citrus	474
civilization_(series)	席德·梅尔的文明	シヴィライゼーション	Civilization	107
cj7	长江七号	長江七号	Cj7	2
clair_obscur:_expedition_33	光与影:33号远征队	光与影:33号遠征隊	ClairObscurExpedition33	406
clamp_gakuen_tanteidan	CLAMP学园探侦团	CLAMP学園探偵団	Clamp Gakuen Tanteidan	9
clannad	团子大家族	クラナド	CLANNAD	6401
closers	封印者	クローザーズ	Closers	3198
cloud_horizon	云际线工作室	雲際線工作室	Cloud Horizon	40
cloudhorizon_studios	云际线工作室	雲際線工作室	Cloudhorizon Studios	7
clover_theater	四叶草剧场	クローバーシアター	Clover Theater	490
club_suicide	自杀同好会	クラブ・スーサイド	Club Suicide	45
coca-cola	可口可乐	コカ・コーラ	Coca-Cola	2492
coco_ichibanya	CoCo壹番屋	CoCo壱番屋	Coco Ichibanya	43
code:_chimera	代号：奇美拉	代号:奇美拉	Code: Chimera	3
code:_dragon_blood	龙族幻想	ドラブライラコンFA	Code: Dragon Blood	53
code:_kite	代号鸢	代号鳶	Ashes Of The Kingdom	400
code:seed_a_song_of_spark	星火之歌	星火之歌	Code:seed A Song Of Spark	10
code_geass	叛逆的鲁鲁修	コードギアス反逆のルルーシュ	Code Geass	15091
code_vein	噬血代码	コードヴェイン	Code Vein	369
codename:_bakery_girl	面包房少女	麪包房少女	Codename: Bakery Girl	113
collage_(band)	珂拉琪	珂拉琪	Collage	25
collection_villa	搜集别庄	収集別荘	Collection Villa	7
combat_girls_regiment	战斗少女联队	戦闘少女聯隊	Combat Girls Regiment	21
comic_gaira	COMIC外乐	COMIC外楽	Comic Gaira	20
comic_kaien	COMIC快艶	COMIC快艶	Comic Kaien	7
comic_kairakuten	快乐天	快楽天	Comic Kairakuten	725
comic_maimu	COMIC舞梦	COMIC舞夢	Comic Maimu	1
comic_mugen_tensei	COMIC梦幻转生	COMIC夢幻転生	Comic Mugen Tensei	8
comic_ouka	COMIC樱花	COMIC桜花	Comic Ouka	2
comic_rex	月刊ComicREX	コミックREX	Comic REX	1
comic_shingeki	COMIC真激	COMIC真激	Comic Shingeki	82
comic_shitsurakuten	月刊COMIC失乐天	失楽天	Comic Shitsurakuten	108
comic_tsuyahime	COMIC 艶姬	COMIC 艶姫	Comic Tsuyahime	1
command_&_conquer	命令与征服	コマンド&コンカー	Command & Conquer	272
communist_party_of_china	中国共产党	中国共産党	Communist Party Of China	31
company_of_heroes	英雄连	カンパニー・オブ・ヒーローズ	Company Of Heroes	154
company_of_heroes_2	英雄连2	カンパニー・オブ・ヒーローズ2	Company of Heroes 2	55
computer_terminal_girl	终端少女	終端少女	Computer Terminal Girl	6
concealed_the_conclusion	东方梦终剧	東方夢終劇	Concealed The Conclusion	18
condor_trilogy	射雕三部曲	射鵰三部曲	Condor Trilogy	47
confession_to_sister_(synthesizer_v)	向重音忏悔吧	シスターに懺悔を	Confession To Sister (synthesizer V)	35
conquer_(2003_tv_series)	征服(2003)	征服(2003)	Conquer (2003 Tv Series)	3
consciousness_unity_of_opposites	东方灵守祀	東方霊守祀	Consciousness Unity Of Opposites	4
conspiracy_field_snow_trap	雪之本境	雪之本境	Conspiracy Field Snow Trap	3
contra	魂斗罗	魂斗羅	Contra	66
cookie_run	跑跑姜饼人	クッキーラン	Cookie Run	5846
cookie_run:_kingdom	姜饼人王国	クッキーランキングダム	Cookie Run: Kingdom	3394
cool_doji_danshi	呆萌酷男孩	クールドジ男子	Cool Doji Danshi	159
cool_hand_luke	暴力脱狱	暴力脱獄	Cool Hand Luke	2
counter:side	异界事务所	カウンターサイド	Counter:Side	2131
countryball	波兰球	ポーランドボール	Polandball	63
couple_of_mirrors	双镜	双鏡	Couple Of Mirrors	2
cowboy_bebop	星际牛仔	カウボーイビバップ	Cowboy Bebop	1529
crave_saga	神绊的导师	クレイヴ・サーガ	Crave Saga	1053
crayon_shin-chan	蜡笔小新	クレヨンしんちゃん	Crayon Shin-chan	887
crazy_ones	奇点时代	シンギュラリティ×ラブストーリー	Crazy Ones	133
creatures_family_days	实验品家族	実験品家族	Creatures Family Days	1
crisis_core:_final_fantasy_vii	核心危机：最终幻想VII	クライシスコア	Crisis Core: Final Fantasy VII	2194
crystal_sky_of_yesterday	昨日青空	昨日青空	Crystal Sky Of Yesterday	9
cthulhu_mythos	克苏鲁神话	クトゥルフ神話	Cthulhu Mythos	1072
cubic_loop_records	永久立体	キュービックループ	Cubic Loop Records	1
cubivore	动物番长	動物番長	Cubivore	4
cuisine_dimension	料理次元	キュイディメ	Cuisine Dimension	45
cupcakes_(my_little_pony)	杯糕	杯糕	Cupcakes	11
cuphead_(game)	茶杯头	カップヘッド	Cuphead	377
cupid's_chocolates	爱神巧克力	愛神巧克力	Cupid's Chocolates	6
curiosities_of_lotus_asia	东方香霖堂	東方香霖堂	Curiosities Of Lotus Asia	1065
cursenday's_dark_carnival	卡森德拉的黑色嘉年华	卡森徳拉的黒色嘉年華	Cursenday's Dark Carnival	15
cyber_city_oedo_808	电脑都市OEDO808	電脳都市OEDO808	Cyber City Oedo 808	1
cyberpunk:_edgerunners	赛博朋克: 边缘行者	サイバーパンク: エッジランナーズ	Cyberpunk: Edgerunners	4965
cyberpunk_(series)	赛博朋克	賽博朋克	Cyberpunk	5999
cyberpunk_2077	赛博朋克2077	サイバーパンク2077	Cyberpunk 2077	895
cyborg_girls	进化少女	進化少女	Cyborg Girls	1
d.gray-man	驱魔少年	ディー・グレイマン	D.Gray-man	2128
da_monu_biji	大魔女笔记	大魔女筆記	Da Monu Biji	1
da_zhu_zai	大主宰	大主宰	Da Zhu Zai	1
dai_mahou_touge	大魔法峠	大魔法峠	Dai Mahou Touge	51
dai_n_jigen_(synthesizer_v)	第n次元	第n次元	Dai N Jigen (synthesizer V)	3
dai_nippon_tengutou_ekotoba	大日本天狗党绘词	大日本天狗党絵詞	Dai Nippon Tengutou Ekotoba	1
dai_tokyo_oniyome-den	大东京鬼嫁传	大東京鬼嫁伝	Tokyo Demon Bride Story	21
daiakuji	大恶司	大悪司	Daiakuji	118
daibanchou	大番长	大番長	Daibanchou	81
daiblos_core	交错战线	ダイブロスコア	Diablos Core	398
daija_ni_totsuida_musume	大蛇的新娘	大蛇に嫁いだ娘	Daija Ni Totsuida Musume	4
daikagaku_shoujo	大科学少女	大科学少女	Daikagaku Shoujo	4
daikaijuu_monogatari	大贝兽物语	大貝獣物語	Daikaijuu Monogatari	19
daikatana	大刀	大刀	Daikatana	5
daikoukai_jidai	大航海时代	大航海時代	Uncharted Waters	9
daikoukai_jidai_2	大航海时代2	大航海時代2	Uncharted Waters II: New Horizons	1
daikoukai_jidai_iv	大航海时代IV	大航海時代IV	Uncharted Waters IV	3
daikoukai_jidai_online	大航海时代Origin	大航海時代Origin	Daikoukai Jidai Online	4
daimajin_(series)	大魔神	大魔神	Daimajin (series)	13
daimakaimura	大魔界村	大魔界村	Daimakaimura	1
dairoku_ryouhei	第六猎兵	第六猟兵	Dairoku Ryouhei	2671
daisan_hikou_shoujo-tai	第三飞行少女队	第三飛行少女隊	Daisan Hikou Shoujo-tai	21
daiteikoku	大帝国	大帝国	Daiteikoku	211
daitetsujin_17	大铁人17	大鉄人17	Daitetsujin 17	4
daiya_no_ace	钻石王牌	ダイヤのA[エース]	Daiya No Ace	1184
dame_x_prince	废柴王子	ダメプリ	DAME×PRINCE	120
dandadan	胆大党	ダンダダン	Dandadan	6460
danganronpa:_trigger_happy_havoc	弹丸论破：希望的学园与绝望的高中生	ダンガンロンパ_希望の学園と絶望の高校生	Danganronpa: Trigger Happy Havoc	14745
danganronpa_(series)	弹丸论破	ダンガンロンパシリーズ	danganronpa	68822
danganronpa_2:_goodbye_despair	弹丸论破2	スーパーダンガンロンパ2	Danganronpa_2	26931
danganronpa_3_(anime)	弹丸论破3	ダンガンロンパ3	Danganronpa 3	3140
danganronpa_another:_another_despair_academy	弹丸论破a1	ダンガンロンパアナザー	Danganronpa Another: Another Despair Academy	160
danganronpa_another_episode:_ultra_despair_girls	绝对绝望少女	絶対絶望少女	Danganronpa Another Episode: Ultra Despair Girls	2058
danganronpa_v3:_killing_harmony	弹丸论破v3	NEWダンガンロンパV3	Danganronpa V3: Killing Harmony	25094
danmaku_girl	弹幕少女3	弾幕少女3	Danmaku Girl	2
dansan_joshi	男三女四	男三女四	Dansan Joshi	6
dao_gui_yi_xian	道诡异仙	道詭異仙	Dao Of The Bizarre Immortal	1283
dao_mu_bi_ji	盗墓笔记	盗墓筆記	Dao Mu Bi Ji	70
dao_yu_tan_ji_houzi_siyang_shouze	道与碳基猴子饲养守则	道与碳基猴子飼養守則	Dao Yu Tan Ji Houzi Siyang Shouze	1
daraku_gear	堕落姬甲	堕落ギア	Daraku Gear	1
dark_side_of_the_moon	狂气	狂気	Dark Side of the Moon	91
dark_souls_(series)	黑暗之魂	ダークソウル	Dark Souls	5937
dark_souls_i	黑暗之魂	ダークソウル	Dark Souls	3004
dark_souls_ii	黑暗之魂2	ダークソウル2	Dark Souls II	1062
dark_souls_iii	黑暗之魂3	ダークソウル3	Dark Souls III	2024
darker_than_black	黑之契约者	黒の契約者	Darker than Black	2101
darkstalkers	魔域幽灵	ヴァンパイア	Darkstalkers	13252
darlie_(brand)	好来	黑人牙膏	Darlie	2
das_kapital	资本论	資本論	Das Kapital	10
date_a_live	约会大作战	デート・ア・ライブ	Date a Live	6215
"dateless_bar_""old_adam"""	旧约酒场	旧約酒場	"Dateless Bar ""old Adam"""	161
daten_keikaku	堕天计划	堕天計画	Daten Keikaku	225
datsu!_doutei	夺！童贞。	奪!童貞。	Datsu! Doutei	7
datsugoku_(vocaloid)	脱狱	脱獄	Datsugoku	6
datya	脱兔屋	脱兎屋	ippo_zenshin	4
dave_the_diver	潜水员戴夫	デイヴ・ザ・ダイバー	Dave The Diver	35
days_(manga)	DAYS(安田刚士)	DAYS(安田剛士)	Days	17
dayu_haitang	大鱼海棠	大魚海棠	Big Fish & Begonia	19
dc_comics	DC漫画	DCコミックス	DC Comics	14678
dead_ma'am's_chest_(houshou_marine)	幽灵船战	幽霊船戦	Dead Ma'am's Chest	26
dead_or_alive	死或生	デッドオアアライブ	Dead or Alive	7182
dead_or_alive_5	死或生5	デッドオアアライブ5	Dead or Alive 5	1415
deadpool_&_wolverine	死侍与金刚狼	デッドプール&ウルヴァリン	Deadpool & Wolverine	1304
deadpool_(series)	死侍		Deadpool	2102
death_mark	死印	死印	Death Mark	28
death_note	死亡笔记	デスノート	Death Note	3424
death_stranding	死亡搁浅	デス・ストランディング	Death Stranding	410
debwi_mos_hamyeon_jugneun_byeong_geollim	出道死	出道死	Debut Or Die	0
decoration_disorder_disconnection	DDD(小说)	DDD(小説)	Decoration Disorder Disconnection	39
deep_coma	深昏睡	深昏睡	Deep Coma	5
deepone	DeepOne‐领界侵犯‐	DeepOne‐領界侵犯‐	Deep One	2
degrees_of_lewdity	堕落度	Degrees Of Lewdity	Degrees Of Lewdity	1894
deisui_kanojo	泥醉彼女	泥酔彼女	Deisui Kanojo	1
dekoboko_quartet	凸凹Quartet	凸凹Quartet	Dekoboko Quartet	10
delta_force_(game)	三角洲行动	三角洲行動	Delta Force (Game)	36
deltarune	三角符文	デルタルーン	DELTARUNE	11570
demae-can	出前馆	出前館	Demae-Can	3
demon_x_angel_can't_get_along!	不能友好相处	恶魔X天使	Demon X Angel Can't Get Along!	2
demonic_emperor	魔皇大管家	魔皇大管家	Demonic Emperor	1
den'ei_shoujo	电影少女	電影少女	Den'ei Shoujo	46
dengeki	电击	電撃	Dengeki	104
dengeki_adventures	电击Adventures	電撃Adventures	Dengeki Adventures	5
dengeki_bunko	电击文库	電撃文庫	Dengeki Bunko	89
dengeki_bunko_fighting_climax	电击文库FIGHTINGCLIMAX	電撃文庫FIGHTINGCLIMAX	Dengeki Bunko Fighting Climax	15
dengeki_daioh	电击大王	電撃大王	Dengeki Daioh	48
dengeki_g's	电击G's	電撃G's	Dengeki G's	595
dengeki_hime	电击姬	電撃姫	Dengeki Hime	267
dengeki_hp	电击hp	電撃hp	Dengeki Hp	1
dengeki_moeoh	电击萌王	電撃萌王	Dengeki Moeoh	2365
dengeki_playstation	电击PlayStation	電撃PlayStation	Dengeki Playstation	7
denki_yohou_(vocaloid)	电气豫报	電気予報	Denki Yohou (Vocaloid)	23
dennou_gakuen	电脑学园	電脳学園	Dennou Gakuen	3
dennou_myen_myen_mao	电脑眠眠猫	電脳眠眠猫	Dennou Myen Myen Mao	7
denonbu	电音部	電音部	Den-on-bu	1237
denpa_kyoushi	电波教师	電波教師	Denpa Kyoushi	14
densan_rengou_kantai_teitoku_ouka	电算联合舰队提督「樱花」	電算連合艦隊提督「桜花」	Densan Rengou Kantai Teitoku Ouka	11
densetsu_kyoudai!	传说兄妹！	伝説兄妹!	Densetsu Kyoudai!	3
densha_otoko	电车男	電車男	Densha Otoko	29
denshi_yuugi_mokushiroku	电子游戏默示录	電子遊戯黙示録	Denshi Yuugi Mokushiroku	22
depersonalization	人格解体	人格解体	Depersonalization	4
despicable_me	神偷奶爸	怪盗グルー	DespicableMe	264
destiny_child	命运之子	デスティニーチャイルド	Destiny Child	973
destroy_all_monsters	怪兽总进击	怪獣総進撃	Destroy All Monsters	3
detention_(game)	返校	返校	Detention	26
detroit:_become_human	底特律：化身为人	デトロイトビカムヒューマン	Detroit: Become Human	404
devil_may_cry_(series)	鬼泣	デビルメイクライシリーズ	Devil May Cry	5513
devil_may_cry_3	鬼泣3		Devil May Cry 3	1279
devil_may_cry_5	鬼泣5		Devil May Cry 5	1665
devilman_crybaby	恶魔人	恶魔人	Devilman Crybaby	219
devotion	还愿	還願	Devotion	84
di-yi_wanjia	第一玩家	第一玩家	Di-yi Wanjia	6
di_qi_hao_lieche	第七号列车	第七号車	Di Qi Hao Lieche	2
diablo_(series)	暗黑	ディアブロ	Diablo (Series)	278
diablo_3	暗黑三	ディアブロ3	Diablo III	132
diabolik_lovers	魔鬼恋人	ディアボリックラヴァーズ	DIABOLIK LOVERS	108
diamond_cut_diamond	DCD(漫画)	DCD(漫画)	Diamond Cut Diamond	22
diamond_wa_kudakenai	不灭钻石	ダイヤモンドは砕けない	Diamond Is Unbreakable	8241
diao_ye_zong	凋叶棕	凋叶棕	Diao Ye Zong	254
dick_figures	猥琐传说	猥瑣伝説	Dick Figures	16
digimon	数码宝贝	デジモン	Digimon	21682
digimon_adventure	数码宝贝大冒险	デジモンアドベンチャー	Digimon Adventure	2407
digimon_card_game	数码宝贝卡牌游戏	デジモンカードゲーム	Digimon Card Game	2331
digimon_legendary_skies	数码宝贝·传说的天空	数碼宝貝·伝説的天空	Digimon Legendary Skies	1
digimon_new_century	数码宝贝新世纪	デジモン新世紀	Digimon New Century	1
dingtalk	钉钉	釘釘	Dingding	1
disco_elysium	极乐迪斯科	ディスコ・エリジウム	Disco Elysium	726
disgaea	魔界战记	ディスガイア	Disgaea	6856
dislyte	众神派对	シンネオ	Dislyte	906
disney	迪士尼	ウォルト・ディズニー・カンパニー	The Walt Disney Company	1179
disneyland	迪士尼乐园	東京ディズニーランド	Disneyland	1107
dispatch	超英派遣中心	超英派遣中心	Dispatch	867
dissidia_final_fantasy	最终幻想纷争	ディシディアファイナルファンタジー	Dissidia Final Fantasy	2268
district_9	第9地区	第9地区	District 9	39
doctor_who	神秘博士	ドクター・フー	Doctor Who	197
dodonpachi_daifukkatsu	大复活	怒首領蜂大復活	Dodonpachi Daifukkatsu	37
dodonpachi_daioujou	怒首领蜂大往生	怒首領蜂大往生	Dodonpachi Daioujou	55
dodonpachi_saidaioujou	怒首领蜂最大往生	怒首領蜂最大往生	Dodonpachi Saidaioujou	116
doga_kobo	株式会社动画工房	株式会社動画工房	Doga Kobo	23
dohna_dohna_issho_ni_warui_koto_o_shiyou	多娜多娜一起来干坏事吧	ドーナドーナいっしょにわるいことをしよう	Dohna Dohna Issho Ni Warui Koto O Shiyou	617
doki_doki_literature_club	心跳文学部	ドキドキ文芸部!	Doki Doki Literature Club	5976
dokidoki!_precure	心跳！光之美少女	ドキドキ!プリキュア	Dokidoki! Precure	5869
dokudoku_(utau)	毒毒	毒毒	Dokudoku (utau)	1
dokuringo_(vocaloid)	毒林檎	毒林檎	Dokuringo	7
dokusen'yoku_(vocaloid)	毒占欲	毒占欲	Dokusen'yoku (Vocaloid)	1
dokusenyoku_(utau)	毒占欲	毒占欲	Dokusenyoku (utau)	2
dolls_(2002)	Dolls(映画)	Dolls(映画)	Dolls (2002)	1
dolls_in_pseudo_paradise	蓬莱人形	蓬莱人形	Dolls In Pseudo Paradise	928
domestic_na_kanojo	家有女友	ドメスティックな彼女	Domestic Girlfriend	150
domu_(manga)	童梦	童夢	Domu	11
don't_starve	饥荒	ドント・スターブ	Don't Starve	123
dong-jin_rice-hime	东津萌米	東津萌米穗姬	Dong-jin Rice-hime	45
dongfang_shenwa	东方神娃	東方神娃	Dongfang Shenwa	3
donkey_kong_(series)	大金刚	ドンキーコング	Donkey Kong	1562
donpachi_(series)	怒首领蜂	怒首領蜂	Donpachi (Series)	212
doom_(series)	毁灭战士	ドゥーム	Doom	1129
doraemon	哆啦A梦	ドラえもん	Doraemon	2202
dorohedoro	多罗黑洞	ドロヘドロ	Dorohedoro	2325
dot_hero	马赛克英雄	ドット勇者	Dot Hero	2
dota_(series)	刀塔			1220
dota_2	刀塔2		Dota 2	1180
dotokoi	像素男友	ドトコイ	Dotokoi	3
dou_dou_(synthesizer_v)	同⇆同	同⇆同	Dou Dou (synthesizer V)	3
double_dealing_character	东方辉针城	東方輝針城	Double Dealing Character	395
double_dragon	双截龙	ダブルドラゴン	Double Dragon	50
doukyou_nin_(chipushishi)	同居人	同居人	Doukyou Nin	3
doukyuusei	同级生	同級生	Classmates	527
doukyuusei_(manga)	同级生	同級生	Classmates	49
doukyuusei_(series)	同级生	同級生	Classmates	1690
doukyuusei_2	同级生2	同級生2	Doukyuusei 2	443
doukyuusei_another_world	同级生~AnotherWorld~	同級生~AnotherWorld~	Doukyuusei Another World	1443
doukyuusei_x_uso	同级生×嘘	同級生×嘘	Doukyuusei X Uso	1
douluo_dalu	斗罗大陆	闘羅大陸	Douluo Dalu	1425
doumo_suki_na_hito_ni_horegusuri_wo_irai_sareta_majo_desu	你好、我是受心上人所托来做恋爱药的魔女	どうも、好きな人に惚れ薬を依頼された魔女です。	Doumo Suki Na Hito Ni Horegusuri Wo Irai Sareta Majo Desu	1
doupo_cangqiong	斗破苍穹	闘破蒼穹	Battle Through the Heavens	451
dousoukai_(utau)	同窓会	同窓会	Dousoukai (utau)	1
dr._stone	石纪元	ドクターストーン	Dr. Stone	1906
